set,model,horizon,shots,mean_nrmse,median_nrmse_inflation,mean_nrmse_inflation,paired_segment_ci95_low,paired_segment_ci95_high,median_relative_nrmse_inflation,mean_relative_nrmse_inflation,p90_relative_nrmse_inflation,useful_horizon,criterion,exact_useful_horizon,useful_horizon_change_from_exact
F,AB_noaux,1,100,0.7424658860772922,0.422951844104131,0.4859133167721713,0.39239570259459666,0.5918059849592667,1.9161189853203984,2.14015451447257,3.6280247175701685,,mean NRMSE < 1 and paired-bootstrap lower CI(persistence-model) > 0,8.0,
F,AB_noaux,1,300,0.6133921948787655,0.2939942618097964,0.3568396255736446,0.2761824393683174,0.44149346903057624,1.3968380862098613,1.5772328211868318,2.832566259641659,,mean NRMSE < 1 and paired-bootstrap lower CI(persistence-model) > 0,8.0,
F,AB_noaux,1,1000,0.5048151572140692,0.20140076093932818,0.2482625879089482,0.18764910688705727,0.3144176132378751,1.0182910021572027,1.1060637888219722,2.075429051982317,,mean NRMSE < 1 and paired-bootstrap lower CI(persistence-model) > 0,8.0,
F,AB_noaux,1,3000,0.4394086230205462,0.14086663297405835,0.1828560537154252,0.13376765665423246,0.23517737745003608,0.6784561672339944,0.8206694536359856,1.6336403784319868,8.0,mean NRMSE < 1 and paired-bootstrap lower CI(persistence-model) > 0,8.0,0.0
F,AB_noaux,1,10000,0.3908597217730314,0.10389154300500765,0.13430715246791053,0.09513194472375008,0.17792416735128647,0.49440418675261477,0.6055098570333857,1.2645838186751794,8.0,mean NRMSE < 1 and paired-bootstrap lower CI(persistence-model) > 0,8.0,0.0
F,AB_noaux,2,100,0.8022238181429655,0.34734494416603084,0.4146540627399858,0.33209140185831604,0.5085602537314807,1.1090757206057904,1.1651334633970822,1.9665043452814026,,mean NRMSE < 1 and paired-bootstrap lower CI(persistence-model) > 0,8.0,
F,AB_noaux,2,300,0.6902399779527233,0.23727197681131065,0.3026702225497436,0.23568721715579555,0.37210737628957885,0.7816216908522642,0.8520275058521958,1.5211268337093558,,mean NRMSE < 1 and paired-bootstrap lower CI(persistence-model) > 0,8.0,
F,AB_noaux,2,1000,0.5947736854019839,0.1618812379062174,0.20720392999900408,0.1576813625872068,0.26256071649066665,0.5270736831773808,0.5864976514362632,1.112681595007821,,mean NRMSE < 1 and paired-bootstrap lower CI(persistence-model) > 0,8.0,
F,AB_noaux,2,3000,0.5367867814689303,0.11294442354899754,0.14921702606595053,0.10512384439514572,0.19483872428191734,0.3606696907966377,0.42441846632994995,0.8394699995928031,8.0,mean NRMSE < 1 and paired-bootstrap lower CI(persistence-model) > 0,8.0,0.0
F,AB_noaux,2,10000,0.4919615567804927,0.07867702107445915,0.10439180137751292,0.07253803373321502,0.1386551444181181,0.24944182559165645,0.297804071119407,0.6173268180270308,8.0,mean NRMSE < 1 and paired-bootstrap lower CI(persistence-model) > 0,8.0,0.0
F,AB_noaux,4,100,0.9231100159298201,0.2219168418508752,0.2790078708397047,0.21362166519378334,0.3477330572796827,0.42955009687912915,0.45559774866291586,0.8423434502504972,,mean NRMSE < 1 and paired-bootstrap lower CI(persistence-model) > 0,8.0,
F,AB_noaux,4,300,0.8503944926641602,0.1542956860566586,0.2062923475740449,0.15361439492561219,0.26399332985755397,0.2928778011202176,0.3369180905820566,0.65093538437201,,mean NRMSE < 1 and paired-bootstrap lower CI(persistence-model) > 0,8.0,
F,AB_noaux,4,1000,0.7868645249123479,0.1118813886883502,0.1427623798222326,0.10501124365074524,0.1832364342835222,0.2004797877990173,0.23414757581073303,0.48257711520620267,,mean NRMSE < 1 and paired-bootstrap lower CI(persistence-model) > 0,8.0,
F,AB_noaux,4,3000,0.7444342720057371,0.076270987640776,0.10033212691562182,0.0722724863604259,0.13091706969144434,0.1320205555181685,0.16512950669299953,0.3438137496901414,8.0,mean NRMSE < 1 and paired-bootstrap lower CI(persistence-model) > 0,8.0,0.0
F,AB_noaux,4,10000,0.7127738350686015,0.05383038286884455,0.06867168997848623,0.047374294659423895,0.09053667907938975,0.09395581269289124,0.11327707995817614,0.24694025518496393,8.0,mean NRMSE < 1 and paired-bootstrap lower CI(persistence-model) > 0,8.0,0.0
F,AB_noaux,8,100,1.0710344225689519,0.11145430660502904,0.13930475756245161,0.1033124355447861,0.17617298349731625,0.12462801936418169,0.14996256027149954,0.2813085901796966,,mean NRMSE < 1 and paired-bootstrap lower CI(persistence-model) > 0,8.0,
F,AB_noaux,8,300,1.0471248332215497,0.1040014202166318,0.11539516821504942,0.08222041790840147,0.14786819063396936,0.1079076480329769,0.12329467845875214,0.23901446789148256,,mean NRMSE < 1 and paired-bootstrap lower CI(persistence-model) > 0,8.0,
F,AB_noaux,8,1000,1.0220273899228771,0.0827006580511605,0.09029772491637694,0.06529904479096586,0.11659571802691124,0.0851263996717267,0.09633016188497373,0.190422913059481,,mean NRMSE < 1 and paired-bootstrap lower CI(persistence-model) > 0,8.0,
F,AB_noaux,8,3000,0.9995113907010076,0.05844364786748445,0.0677817256945073,0.04963804619578928,0.08612510040101859,0.061518330017699796,0.07225024623814778,0.14240275719746442,8.0,mean NRMSE < 1 and paired-bootstrap lower CI(persistence-model) > 0,8.0,0.0
F,AB_noaux,8,10000,0.9814823667270199,0.04371878309109225,0.049752701720519696,0.03855401603151823,0.061341783044530175,0.044780478355553405,0.05292303252618668,0.10218681976115575,8.0,mean NRMSE < 1 and paired-bootstrap lower CI(persistence-model) > 0,8.0,0.0
F,AB_noaux,16,100,1.1035035860042066,0.05274199165749045,0.05354017886504764,0.036036113273072636,0.07109154250011654,0.05221647052359465,0.05093979421503151,0.10565761181157957,,mean NRMSE < 1 and paired-bootstrap lower CI(persistence-model) > 0,8.0,
F,AB_noaux,16,300,1.0970763894099795,0.046236567491507854,0.04711298227082048,0.03158421790287996,0.06385672120188428,0.04685690590858465,0.044572189347191454,0.0996668518634255,,mean NRMSE < 1 and paired-bootstrap lower CI(persistence-model) > 0,8.0,
F,AB_noaux,16,1000,1.0875410919010426,0.0324120515507779,0.03757768476188373,0.024178630013579075,0.051161991888841615,0.0321015576333505,0.03576191764628243,0.09118746102338608,,mean NRMSE < 1 and paired-bootstrap lower CI(persistence-model) > 0,8.0,
F,AB_noaux,16,3000,1.0819282884944426,0.0246129553137042,0.03196488135528355,0.020700453105583896,0.04360059322972689,0.025585248034985048,0.030544211555672853,0.08048758387748714,8.0,mean NRMSE < 1 and paired-bootstrap lower CI(persistence-model) > 0,8.0,0.0
F,AB_noaux,16,10000,1.0755986519898946,0.0206540305248836,0.025635244850735917,0.0165196798514894,0.034992177775522736,0.02116403976094295,0.024692360511470498,0.06661690876043841,8.0,mean NRMSE < 1 and paired-bootstrap lower CI(persistence-model) > 0,8.0,0.0
F,AB_noaux,32,100,1.1121246147721062,0.027549404755682648,0.05032850610401254,0.026311656608888425,0.07969405816389427,0.02699894141284505,0.04667587519403648,0.12703066764147275,,mean NRMSE < 1 and paired-bootstrap lower CI(persistence-model) > 0,8.0,
F,AB_noaux,32,300,1.1045104511455675,0.02624671335134005,0.042714342477473966,0.024303571279312916,0.06674449668441011,0.02507583524654855,0.03977069021609111,0.10211033754417993,,mean NRMSE < 1 and paired-bootstrap lower CI(persistence-model) > 0,8.0,
F,AB_noaux,32,1000,1.0970734616905153,0.023966060237596648,0.03527735302242167,0.020995701664606858,0.05307825036907387,0.02266454129045015,0.03302139659522291,0.08146261304322665,,mean NRMSE < 1 and paired-bootstrap lower CI(persistence-model) > 0,8.0,
F,AB_noaux,32,3000,1.0917400140166758,0.02101320330305015,0.029943905348582055,0.017824300088736315,0.044227018876677,0.01993311909862595,0.028214483005520954,0.07296999792291886,8.0,mean NRMSE < 1 and paired-bootstrap lower CI(persistence-model) > 0,8.0,0.0
F,AB_noaux,32,10000,1.0859690682514216,0.01615755904807865,0.024172959583328026,0.014241840916894382,0.03598068776094886,0.015498861151312951,0.02282112494069114,0.05657069841652482,8.0,mean NRMSE < 1 and paired-bootstrap lower CI(persistence-model) > 0,8.0,0.0
F,AB_noaux,64,100,1.0913099384016576,0.0269005108694292,0.04743307106432441,0.025624461636899316,0.07807149317938196,0.02614503455771405,0.04438296880068733,0.1109840220632752,,mean NRMSE < 1 and paired-bootstrap lower CI(persistence-model) > 0,8.0,
F,AB_noaux,64,300,1.0819813625283576,0.0231370601671319,0.03810449519102459,0.02215003554890161,0.059095360183860544,0.022812275173140148,0.035672067087177045,0.0803548918716552,,mean NRMSE < 1 and paired-bootstrap lower CI(persistence-model) > 0,8.0,
F,AB_noaux,64,1000,1.0738979224764245,0.01961472998294475,0.030021055139091455,0.017651445542872176,0.04459313108346612,0.0187165471630553,0.028182699436884562,0.0633051472059569,,mean NRMSE < 1 and paired-bootstrap lower CI(persistence-model) > 0,8.0,
F,AB_noaux,64,3000,1.0665731115172525,0.016458009958900198,0.022696244179919407,0.014752815341560371,0.03305126992187639,0.0160898279954511,0.02140861178292275,0.050358381033109835,8.0,mean NRMSE < 1 and paired-bootstrap lower CI(persistence-model) > 0,8.0,0.0
F,AB_noaux,64,10000,1.0622907506237822,0.013052287799745599,0.018413883286449325,0.011610223421351653,0.02634103847913952,0.01265455631345325,0.01738235502211611,0.04188586586810693,8.0,mean NRMSE < 1 and paired-bootstrap lower CI(persistence-model) > 0,8.0,0.0
F,AB_noaux,128,100,1.0749569461848325,0.0159406756621356,0.02664774609351206,0.013227889143735563,0.042926019677072554,0.01534950465135465,0.02433978612873204,0.06721892706369234,,mean NRMSE < 1 and paired-bootstrap lower CI(persistence-model) > 0,8.0,
F,AB_noaux,128,300,1.0687100833116707,0.01197962553446395,0.020400883220350097,0.010811785421485852,0.03341927103859303,0.011675142684382599,0.0186281033666865,0.05106211952613809,,mean NRMSE < 1 and paired-bootstrap lower CI(persistence-model) > 0,8.0,
F,AB_noaux,128,1000,1.0629979347121363,0.00959432231969045,0.014688734620815656,0.007431878382933447,0.023761154968118797,0.0092281950442863,0.013441863193588702,0.03431003804066165,,mean NRMSE < 1 and paired-bootstrap lower CI(persistence-model) > 0,8.0,
F,AB_noaux,128,3000,1.0575534295692706,0.0052801532733233,0.00924422947795004,0.004828971411192771,0.015193218785646988,0.0050206526554258495,0.00851405565375341,0.022344959106116315,8.0,mean NRMSE < 1 and paired-bootstrap lower CI(persistence-model) > 0,8.0,0.0
F,AB_noaux,128,10000,1.0544937447835778,0.0021820019400293,0.006184544692257282,0.002670199947534815,0.010523952256591338,0.0020669801963672,0.005731344259025416,0.02020518311342727,8.0,mean NRMSE < 1 and paired-bootstrap lower CI(persistence-model) > 0,8.0,0.0
F,QRC_K0,1,100,0.7273541534193235,0.40608857492801653,0.48093747138202086,0.3866399691484748,0.5912479440729461,2.3310541116148435,2.331448115007061,3.987474103744081,,mean NRMSE < 1 and paired-bootstrap lower CI(persistence-model) > 0,8.0,
F,QRC_K0,1,300,0.6031941064137283,0.29985550664725336,0.35677742437642557,0.2738687978213977,0.441219490049953,1.6532380184734519,1.7418034860230351,3.1090150085842696,,mean NRMSE < 1 and paired-bootstrap lower CI(persistence-model) > 0,8.0,
F,QRC_K0,1,1000,0.49125222376642796,0.2042862648909139,0.24483554172912533,0.18225334085039993,0.31471609876999856,1.1230939575911354,1.2178781186577439,2.2648421863391515,,mean NRMSE < 1 and paired-bootstrap lower CI(persistence-model) > 0,8.0,
F,QRC_K0,1,3000,0.4227370086233961,0.1418407096477032,0.1763203265860934,0.12494371408157748,0.23067438613181207,0.8142323002930257,0.8930229837993939,1.772877633279426,8.0,mean NRMSE < 1 and paired-bootstrap lower CI(persistence-model) > 0,8.0,0.0
F,QRC_K0,1,10000,0.37188928331034904,0.0983868615205643,0.12547260127304627,0.08354278653079547,0.1699840329475563,0.5853695881892036,0.6450766246092292,1.3569525484004037,8.0,mean NRMSE < 1 and paired-bootstrap lower CI(persistence-model) > 0,8.0,0.0
F,QRC_K0,2,100,0.7930390271416515,0.3485555743654166,0.41963296705886705,0.3325007536169923,0.5148781413039346,1.3016603261725548,1.2691805367936588,2.157859899788229,,mean NRMSE < 1 and paired-bootstrap lower CI(persistence-model) > 0,8.0,
F,QRC_K0,2,300,0.681907016334729,0.2606236700069226,0.3085009562519445,0.23544564506800678,0.3913560066318873,0.9509971657074345,0.9389644871792905,1.704206369809336,,mean NRMSE < 1 and paired-bootstrap lower CI(persistence-model) > 0,8.0,
F,QRC_K0,2,1000,0.5834448825473243,0.17416905666754656,0.21003882246453967,0.15043057029389278,0.2735882017155799,0.6507076185536556,0.6485022790029067,1.2134211739719556,,mean NRMSE < 1 and paired-bootstrap lower CI(persistence-model) > 0,8.0,
F,QRC_K0,2,3000,0.5222368940515505,0.11894237145901301,0.1488308339687658,0.10112762200455266,0.19669457066125182,0.47265115386446754,0.46680893785535865,0.9377626659648658,8.0,mean NRMSE < 1 and paired-bootstrap lower CI(persistence-model) > 0,8.0,0.0
F,QRC_K0,2,10000,0.4777185584359836,0.08544092129272546,0.10431249835319902,0.06555033880807248,0.14334048197405433,0.3199393178304676,0.33104229690844417,0.6947674591825119,8.0,mean NRMSE < 1 and paired-bootstrap lower CI(persistence-model) > 0,8.0,0.0
F,QRC_K0,4,100,0.9207019633239986,0.22118770824872505,0.27596016691804304,0.20289909610797632,0.35379236444997836,0.4433401274236518,0.4624625963443778,0.877721695236122,,mean NRMSE < 1 and paired-bootstrap lower CI(persistence-model) > 0,8.0,
F,QRC_K0,4,300,0.8435724757684905,0.1595284098735099,0.19883067936253482,0.13975083041619868,0.2611711582969138,0.3197403878272411,0.33530179166980434,0.6700234252219256,,mean NRMSE < 1 and paired-bootstrap lower CI(persistence-model) > 0,8.0,
F,QRC_K0,4,1000,0.7772150914418933,0.10737016569942745,0.13247329503593763,0.08836667743936905,0.17655826580358527,0.21184523744192874,0.22546107537828314,0.46770716250176997,,mean NRMSE < 1 and paired-bootstrap lower CI(persistence-model) > 0,8.0,
F,QRC_K0,4,3000,0.7360177954200589,0.07726203612187355,0.09127599901410333,0.055853298258588535,0.1249017679593976,0.15200426139064022,0.15728394363794831,0.3436856732222741,8.0,mean NRMSE < 1 and paired-bootstrap lower CI(persistence-model) > 0,8.0,0.0
F,QRC_K0,4,10000,0.7082729149065713,0.05291837551520595,0.06353111850061577,0.03905888621682253,0.09138780460119425,0.10034142087600059,0.10998544062310854,0.2496371148858559,8.0,mean NRMSE < 1 and paired-bootstrap lower CI(persistence-model) > 0,8.0,0.0
F,QRC_K0,8,100,1.077009167074455,0.10256156676798661,0.12904699824533036,0.08940885231324898,0.1710027458861844,0.12132819137644629,0.13787865041452016,0.2760259927421302,,mean NRMSE < 1 and paired-bootstrap lower CI(persistence-model) > 0,8.0,
F,QRC_K0,8,300,1.045272929851682,0.07941270033400899,0.09731076102255719,0.06438413515191209,0.13162886227529283,0.0924423366762268,0.10364714915168195,0.212442694856067,,mean NRMSE < 1 and paired-bootstrap lower CI(persistence-model) > 0,8.0,
F,QRC_K0,8,1000,1.0164111416819888,0.0589646465234518,0.06844897285286398,0.04451924924738774,0.09354680877125016,0.06436668432240014,0.07295221241309313,0.15931352800787096,,mean NRMSE < 1 and paired-bootstrap lower CI(persistence-model) > 0,8.0,
F,QRC_K0,8,3000,0.9962271260039853,0.041384865128582,0.04826495717486052,0.032645240282864904,0.06520132367155093,0.046226117238319944,0.05169483955574309,0.11134730685243407,8.0,mean NRMSE < 1 and paired-bootstrap lower CI(persistence-model) > 0,8.0,0.0
F,QRC_K0,8,10000,0.9836260258645229,0.0291953922186837,0.03566385703539804,0.02316070805397492,0.04923452793312104,0.032319052818447006,0.03795362395925041,0.08856720895786664,8.0,mean NRMSE < 1 and paired-bootstrap lower CI(persistence-model) > 0,8.0,0.0
F,QRC_K0,16,100,1.1128224361748815,0.0315890697071784,0.035296348476225946,0.016221485711598902,0.055336608523580716,0.030775312278939,0.032229975829384035,0.08199838941584982,,mean NRMSE < 1 and paired-bootstrap lower CI(persistence-model) > 0,8.0,
F,QRC_K0,16,300,1.1084276645731208,0.02859295597436545,0.030901576874465323,0.015472708620309377,0.04687906553501598,0.027783662260065803,0.028204600738721327,0.07101130595583073,,mean NRMSE < 1 and paired-bootstrap lower CI(persistence-model) > 0,8.0,
F,QRC_K0,16,1000,1.1028279045000136,0.02460089905568635,0.025301816801358096,0.013478616323975925,0.03794409869065206,0.02394886265430765,0.02323844308818975,0.06083703140371816,,mean NRMSE < 1 and paired-bootstrap lower CI(persistence-model) > 0,8.0,
F,QRC_K0,16,3000,1.0967977018524813,0.01985818329520645,0.01927161415382571,0.009109262549048572,0.029091527311825162,0.019403657500359002,0.017802916608448696,0.051370150540502466,8.0,mean NRMSE < 1 and paired-bootstrap lower CI(persistence-model) > 0,8.0,0.0
F,QRC_K0,16,10000,1.0959418864220958,0.0185304401882747,0.018415798723440256,0.008827634979875888,0.027539283294499388,0.01866054725226885,0.016835015562534777,0.04685681954996599,8.0,mean NRMSE < 1 and paired-bootstrap lower CI(persistence-model) > 0,8.0,0.0
F,QRC_K0,32,100,1.1323174094989186,0.01113898100278075,0.02329628309595492,0.009153900638440007,0.04228760972394514,0.00996544553037675,0.01994157646245429,0.061928101411537685,,mean NRMSE < 1 and paired-bootstrap lower CI(persistence-model) > 0,8.0,
F,QRC_K0,32,300,1.1290260189446488,0.0111275521031817,0.020004892541685054,0.00801708972634271,0.034593599321962154,0.010523531236856,0.017321855389884653,0.04540748736659594,,mean NRMSE < 1 and paired-bootstrap lower CI(persistence-model) > 0,8.0,
F,QRC_K0,32,1000,1.1272016099572613,0.011498654565582252,0.018180483554297525,0.008784577524074898,0.029188676783846616,0.0105354970045334,0.015921894856968117,0.04250532428643898,,mean NRMSE < 1 and paired-bootstrap lower CI(persistence-model) > 0,8.0,
F,QRC_K0,32,3000,1.1245050015892248,0.0100524063579941,0.015483875186260935,0.008250834699968825,0.024238954710289754,0.0094354735960349,0.013646604633402207,0.0373222238859598,8.0,mean NRMSE < 1 and paired-bootstrap lower CI(persistence-model) > 0,8.0,0.0
F,QRC_K0,32,10000,1.121690911481,0.00831793250288555,0.012669785078036464,0.006477263818131082,0.020492801022740516,0.00758647563929485,0.011132506234603825,0.027896873489798135,8.0,mean NRMSE < 1 and paired-bootstrap lower CI(persistence-model) > 0,8.0,0.0
F,QRC_K0,64,100,1.115229653341672,0.0165208309206111,0.03094566151013027,0.012931551323354346,0.05237130466916312,0.0161634018551622,0.026705591123605512,0.07990918598359349,,mean NRMSE < 1 and paired-bootstrap lower CI(persistence-model) > 0,8.0,
F,QRC_K0,64,300,1.1097218545283813,0.0150138527797449,0.025437862696839782,0.012469763756547552,0.0417343208446926,0.01435020831728695,0.022126964919908544,0.05848046645128492,,mean NRMSE < 1 and paired-bootstrap lower CI(persistence-model) > 0,8.0,
F,QRC_K0,64,1000,1.1048236389772172,0.012118018162494651,0.02053964714567567,0.011026855448492622,0.03149271565960074,0.011177897202526,0.017974533447733778,0.048651118237808065,,mean NRMSE < 1 and paired-bootstrap lower CI(persistence-model) > 0,8.0,
F,QRC_K0,64,3000,1.0996251044218555,0.01023869789109555,0.015341112590313762,0.00909401367714621,0.02277479753970532,0.00942075890558075,0.013551146075703357,0.03554898542432266,8.0,mean NRMSE < 1 and paired-bootstrap lower CI(persistence-model) > 0,8.0,0.0
F,QRC_K0,64,10000,1.096519601538879,0.00829384051004025,0.012235609707337485,0.007281247222637391,0.018040158423627044,0.00769402457770915,0.010883989432799104,0.029959860576194354,8.0,mean NRMSE < 1 and paired-bootstrap lower CI(persistence-model) > 0,8.0,0.0
F,QRC_K0,128,100,1.0959898023155137,0.0042327754057102495,0.008912494296169221,0.004148241440567571,0.014566039561081344,0.00394006726838575,0.007543226668616911,0.023634650468787828,,mean NRMSE < 1 and paired-bootstrap lower CI(persistence-model) > 0,8.0,
F,QRC_K0,128,300,1.090965097970745,0.0018980268027911,0.003887789951400496,0.0020320181601424154,0.0060962485485453076,0.0017723328810817,0.0033189462073868253,0.010972987978693383,,mean NRMSE < 1 and paired-bootstrap lower CI(persistence-model) > 0,8.0,
F,QRC_K0,128,1000,1.0883921005338233,0.00064141673233925,0.0013147925144790492,0.0006022845339696906,0.0021779224600603298,0.0006052060819839,0.0010929878307582707,0.004302221212145571,,mean NRMSE < 1 and paired-bootstrap lower CI(persistence-model) > 0,8.0,
F,QRC_K0,128,3000,1.0872318259810354,0.0001061238905303,0.00015451796169110854,-0.00012300589657499017,0.0004316956653954335,0.0001006848645955337,0.00018209542719162386,0.0021461954743637905,8.0,mean NRMSE < 1 and paired-bootstrap lower CI(persistence-model) > 0,8.0,0.0
F,QRC_K0,128,10000,1.0872760613391201,0.00011125641394635,0.00019875331977574272,9.631010687995861e-05,0.0003497262157931977,0.00010640332675809999,0.00016951688348616363,0.00092892926643415,8.0,mean NRMSE < 1 and paired-bootstrap lower CI(persistence-model) > 0,8.0,0.0
F,single_kernel,1,100,0.7403382571809038,0.4401648176327761,0.5039136263381961,0.40979712281727365,0.6094905024114938,2.6007930637619765,2.515675511515833,4.199868784426377,,mean NRMSE < 1 and paired-bootstrap lower CI(persistence-model) > 0,8.0,
F,single_kernel,1,300,0.6092240159405784,0.3164285518434583,0.37279938509787075,0.29600416941071694,0.45627362475208033,1.9527007671541146,1.8687765640523348,3.176980481950701,,mean NRMSE < 1 and paired-bootstrap lower CI(persistence-model) > 0,8.0,
F,single_kernel,1,1000,0.5014489110470302,0.2252616191897986,0.26502428020432245,0.20167877502303497,0.3353879953293292,1.455159653233184,1.3435950055769859,2.427864737774995,,mean NRMSE < 1 and paired-bootstrap lower CI(persistence-model) > 0,8.0,
F,single_kernel,1,3000,0.4349694112623734,0.16615497456177705,0.19854478041966572,0.14724678411713524,0.2566743733776893,1.0755207420576005,1.0226534431540852,1.9569193561066327,,mean NRMSE < 1 and paired-bootstrap lower CI(persistence-model) > 0,8.0,
F,single_kernel,1,10000,0.385883327827061,0.12654416837281057,0.14945869698435332,0.10975316684194525,0.1940056806134906,0.7551331225805548,0.775020049635594,1.5358246625068939,8.0,mean NRMSE < 1 and paired-bootstrap lower CI(persistence-model) > 0,8.0,0.0
F,single_kernel,2,100,0.8017448597970244,0.370165855254906,0.43598472775296254,0.35285618802703417,0.5324694157543514,1.3113776128479566,1.3318229641432762,2.2309231212442704,,mean NRMSE < 1 and paired-bootstrap lower CI(persistence-model) > 0,8.0,
F,single_kernel,2,300,0.6869264958162169,0.2706538563867519,0.321166363772155,0.25183003251325625,0.3972323437644591,1.0277665863590515,0.9842859055347092,1.695397315067108,,mean NRMSE < 1 and paired-bootstrap lower CI(persistence-model) > 0,8.0,
F,single_kernel,2,1000,0.5916599301434917,0.18906839171985573,0.22589979809942984,0.17216727423728645,0.2855618451237442,0.7089372879577951,0.6975626522197567,1.263219009955655,,mean NRMSE < 1 and paired-bootstrap lower CI(persistence-model) > 0,8.0,
F,single_kernel,2,3000,0.5331826233711505,0.1372151372584069,0.1674224913270887,0.12203186258734804,0.21572264835420027,0.5364089893550452,0.5247122160349121,0.9719455615021388,,mean NRMSE < 1 and paired-bootstrap lower CI(persistence-model) > 0,8.0,
F,single_kernel,2,10000,0.4882815020182274,0.0983807644045169,0.12252136997416554,0.08516995503724817,0.1629692663615119,0.39352408346519174,0.38609791694135887,0.753200786011814,8.0,mean NRMSE < 1 and paired-bootstrap lower CI(persistence-model) > 0,8.0,0.0
F,single_kernel,4,100,0.9248196535129691,0.2290539028888538,0.28725719707242714,0.21937369189459557,0.3618703551210173,0.4853800275828231,0.48336868816281775,0.8860411104724359,,mean NRMSE < 1 and paired-bootstrap lower CI(persistence-model) > 0,8.0,
F,single_kernel,4,300,0.8476823905876086,0.16499377373903834,0.2101199341470666,0.15459100827266126,0.26560542031696927,0.3396729257122205,0.3549251084462351,0.6804640782290583,,mean NRMSE < 1 and paired-bootstrap lower CI(persistence-model) > 0,8.0,
F,single_kernel,4,1000,0.7827391745148132,0.11795110458077915,0.1451767180742712,0.10315376222640019,0.18940719398948014,0.2264995616652749,0.24670387449823059,0.49881302383821396,,mean NRMSE < 1 and paired-bootstrap lower CI(persistence-model) > 0,8.0,
F,single_kernel,4,3000,0.7437308217034063,0.09083128980032845,0.1061683652628643,0.07197129346624516,0.14113746404082225,0.17564075287013087,0.18274938064065327,0.38230131187376465,,mean NRMSE < 1 and paired-bootstrap lower CI(persistence-model) > 0,8.0,
F,single_kernel,4,10000,0.7129885573907264,0.06342392485362111,0.07542610095018447,0.05054096819765041,0.10089355025375694,0.1208223977984447,0.13053485856216768,0.2794833737095299,8.0,mean NRMSE < 1 and paired-bootstrap lower CI(persistence-model) > 0,8.0,0.0
F,single_kernel,8,100,1.0749519378233345,0.11799200308871505,0.14712795409394447,0.10816933285346474,0.18681838890341815,0.13574626054815386,0.15907858987434517,0.2961849313662665,,mean NRMSE < 1 and paired-bootstrap lower CI(persistence-model) > 0,8.0,
F,single_kernel,8,300,1.0479118137307957,0.1054871387973568,0.12008783000140558,0.08939806644392997,0.15023588667008544,0.113003583221882,0.12917927440176824,0.23757976658406402,,mean NRMSE < 1 and paired-bootstrap lower CI(persistence-model) > 0,8.0,
F,single_kernel,8,1000,1.0177675253091885,0.0871787081639523,0.08994354157979852,0.06733698105013061,0.11253057922831604,0.090450628031088,0.09657968603335433,0.18175395544589945,,mean NRMSE < 1 and paired-bootstrap lower CI(persistence-model) > 0,8.0,
F,single_kernel,8,3000,1.00010688862238,0.0716970757184629,0.07228290489298997,0.05435939931711474,0.08901022824348492,0.0735160754049671,0.07769212456129417,0.14553908585260236,,mean NRMSE < 1 and paired-bootstrap lower CI(persistence-model) > 0,8.0,
F,single_kernel,8,10000,0.9809947773545711,0.05001538411587285,0.05317079362518116,0.041887255403739276,0.0647314000734224,0.05387649399857685,0.05727314113771879,0.10355896640961387,8.0,mean NRMSE < 1 and paired-bootstrap lower CI(persistence-model) > 0,8.0,0.0
F,single_kernel,16,100,1.1071829925954706,0.04807057498310325,0.05253937445978669,0.03651518932209791,0.06877937368027434,0.0456869192191713,0.05017577087020557,0.10583751095385494,,mean NRMSE < 1 and paired-bootstrap lower CI(persistence-model) > 0,8.0,
F,single_kernel,16,300,1.1000402386455896,0.0403415735770921,0.045396620509905714,0.03103884076394843,0.05964841346141926,0.039740172065114,0.04337819888744496,0.09664285150244499,,mean NRMSE < 1 and paired-bootstrap lower CI(persistence-model) > 0,8.0,
F,single_kernel,16,1000,1.091817832423089,0.0342865758249426,0.03717421428740522,0.024171933407496446,0.04974803959160702,0.03423641217779275,0.03577910077747512,0.08656100038685338,,mean NRMSE < 1 and paired-bootstrap lower CI(persistence-model) > 0,8.0,
F,single_kernel,16,3000,1.086670128290134,0.0304911562563123,0.032026510154450606,0.020589073019166,0.042934523840334596,0.0304831033198345,0.03105389119773253,0.07658575685706052,,mean NRMSE < 1 and paired-bootstrap lower CI(persistence-model) > 0,8.0,
F,single_kernel,16,10000,1.0814397669854692,0.02683170115343505,0.02679614884978531,0.017782539142603075,0.03523669522347971,0.02660451974035075,0.026242326877801696,0.06549448006499176,8.0,mean NRMSE < 1 and paired-bootstrap lower CI(persistence-model) > 0,8.0,0.0
F,single_kernel,32,100,1.1178074615373468,0.0303362079750066,0.04851314108468421,0.02605837950694033,0.08261376675659035,0.02935621653830925,0.044696629033340346,0.11639192188257559,,mean NRMSE < 1 and paired-bootstrap lower CI(persistence-model) > 0,8.0,
F,single_kernel,32,300,1.1116794776581935,0.0284830526896854,0.042385157205531064,0.023881896663360914,0.06675175700623821,0.027928976258004848,0.03929035980557408,0.09193936633142945,,mean NRMSE < 1 and paired-bootstrap lower CI(persistence-model) > 0,8.0,
F,single_kernel,32,1000,1.1055889105628383,0.0245910198501487,0.036294590110175814,0.02000607165803922,0.05841067449779317,0.02358299047402715,0.03376450800511596,0.07561642296292186,,mean NRMSE < 1 and paired-bootstrap lower CI(persistence-model) > 0,8.0,
F,single_kernel,32,3000,1.1016435712510348,0.023701022823471453,0.03234925079837252,0.017872546033773976,0.04970672582396724,0.02205946103980535,0.03018998042907216,0.07212508772135726,,mean NRMSE < 1 and paired-bootstrap lower CI(persistence-model) > 0,8.0,
F,single_kernel,32,10000,1.0945132367024761,0.017680959951116848,0.025218916249813674,0.013936588403412855,0.038779389009461165,0.016503840775894403,0.023702122373785786,0.06434191954516091,8.0,mean NRMSE < 1 and paired-bootstrap lower CI(persistence-model) > 0,8.0,0.0
F,single_kernel,64,100,1.0976823738207955,0.0267713001400432,0.04648504491329257,0.024928018188036617,0.07403372314016958,0.026077134334157898,0.04286769324130751,0.10593809381512687,,mean NRMSE < 1 and paired-bootstrap lower CI(persistence-model) > 0,8.0,
F,single_kernel,64,300,1.0893516060977706,0.0238868124512883,0.03815427719026759,0.020830610615760838,0.06041896884977599,0.022364403405908,0.0352502276484331,0.08974621853163778,,mean NRMSE < 1 and paired-bootstrap lower CI(persistence-model) > 0,8.0,
F,single_kernel,64,1000,1.081581755502932,0.02008364036134275,0.030384426595428823,0.018050177697252527,0.045815063599686276,0.019164587321622302,0.02810458015933919,0.059398580003474075,,mean NRMSE < 1 and paired-bootstrap lower CI(persistence-model) > 0,8.0,
F,single_kernel,64,3000,1.0754549441410555,0.01809771535407785,0.02425761523355245,0.015727344855199915,0.03514552718114504,0.01720576261783725,0.02248876328606593,0.0502504841550257,,mean NRMSE < 1 and paired-bootstrap lower CI(persistence-model) > 0,8.0,
F,single_kernel,64,10000,1.0692475080726538,0.012657291827055151,0.01805017916515068,0.011832539083568593,0.025508040142502967,0.01216291618659615,0.016762459983970673,0.04011675739185473,8.0,mean NRMSE < 1 and paired-bootstrap lower CI(persistence-model) > 0,8.0,0.0
F,single_kernel,128,100,1.0805603707298432,0.0090247539051777,0.01994605120599,0.009385342624747668,0.03318816667102601,0.00859552607384325,0.01781834998307965,0.05516830226694423,,mean NRMSE < 1 and paired-bootstrap lower CI(persistence-model) > 0,8.0,
F,single_kernel,128,300,1.0734838459216751,0.00611831121590025,0.012869526397821733,0.006217096099172629,0.021436750803364175,0.0058527631483004505,0.011458630649006173,0.0297884660004746,,mean NRMSE < 1 and paired-bootstrap lower CI(persistence-model) > 0,8.0,
F,single_kernel,128,1000,1.069208468815384,0.00341548289368205,0.008594149291530618,0.003934738219338976,0.013925334172936399,0.00326110557816065,0.007644725685898456,0.020879604617246802,,mean NRMSE < 1 and paired-bootstrap lower CI(persistence-model) > 0,8.0,
F,single_kernel,128,3000,1.0657187308389033,0.0015220670636264,0.005104411315050041,0.002568551474292736,0.007970764168854613,0.0014898061838987,0.004586883935119119,0.014889619087581976,,mean NRMSE < 1 and paired-bootstrap lower CI(persistence-model) > 0,8.0,
F,single_kernel,128,10000,1.0616486345824898,0.0003676495005666,0.001034315058636506,0.0005891033919615651,0.001575641098663399,0.000346906095528,0.000948677820588839,0.00524361255720331,8.0,mean NRMSE < 1 and paired-bootstrap lower CI(persistence-model) > 0,8.0,0.0
S,AB_noaux,1,100,0.6188368223197667,0.3172335820229773,0.376625166443295,0.3095536015502185,0.46528968902511514,1.5467180596406465,1.673096966786055,2.9803722270109128,16.0,mean NRMSE < 1 and paired-bootstrap lower CI(persistence-model) > 0,32.0,-16.0
S,AB_noaux,1,300,0.5011949312536689,0.21449799729056213,0.25898327537719734,0.20734689282281932,0.32571263865052463,0.9973602568566724,1.1409076264585882,2.106102732428331,16.0,mean NRMSE < 1 and paired-bootstrap lower CI(persistence-model) > 0,32.0,-16.0
S,AB_noaux,1,1000,0.40745218536131234,0.1434952297964427,0.16524052948484075,0.13549625753791605,0.20594108846100206,0.6238650420518074,0.721814351398436,1.3075301350433508,16.0,mean NRMSE < 1 and paired-bootstrap lower CI(persistence-model) > 0,32.0,-16.0
S,AB_noaux,1,3000,0.35750718973711604,0.10457661114271044,0.11529553386064441,0.09448281672231117,0.14178726409024442,0.4332524101061353,0.4994946464719245,0.84385448626289,32.0,mean NRMSE < 1 and paired-bootstrap lower CI(persistence-model) > 0,32.0,0.0
S,AB_noaux,1,10000,0.32121743571223293,0.07397266952355845,0.07900577983576135,0.06344428753423845,0.09631953899718555,0.29671789311015645,0.3378935969244967,0.5873365594944709,32.0,mean NRMSE < 1 and paired-bootstrap lower CI(persistence-model) > 0,32.0,0.0
S,AB_noaux,2,100,0.7630199765648673,0.26236522657572925,0.3024161462713761,0.2506119670419881,0.3699704329553112,0.6693722392066881,0.7068248813025837,1.161265371140655,16.0,mean NRMSE < 1 and paired-bootstrap lower CI(persistence-model) > 0,32.0,-16.0
S,AB_noaux,2,300,0.6812147853514584,0.1936202691676031,0.22061095505796724,0.18242302793475004,0.2680096177690881,0.4586030148134018,0.5095610020277659,0.8323575130934062,16.0,mean NRMSE < 1 and paired-bootstrap lower CI(persistence-model) > 0,32.0,-16.0
S,AB_noaux,2,1000,0.6138904963167698,0.13726818859977055,0.15328666602327864,0.12928472086370726,0.1812732706905626,0.32135435445637195,0.3510141817585643,0.5506027896333942,16.0,mean NRMSE < 1 and paired-bootstrap lower CI(persistence-model) > 0,32.0,-16.0
S,AB_noaux,2,3000,0.578323999678317,0.10464818196310145,0.11772016938482589,0.09959824411499554,0.13858757065935776,0.24748238275453677,0.26917900719797233,0.4359099478273125,32.0,mean NRMSE < 1 and paired-bootstrap lower CI(persistence-model) > 0,32.0,0.0
S,AB_noaux,2,10000,0.5497752810024068,0.0779914925024559,0.08917145070891562,0.0732203124541028,0.10862975441392435,0.1779689675622687,0.20334148764775692,0.34818300283975856,32.0,mean NRMSE < 1 and paired-bootstrap lower CI(persistence-model) > 0,32.0,0.0
S,AB_noaux,4,100,0.9570446860551499,0.14033397027429156,0.13259832650510803,0.09161595711688097,0.16854230716583268,0.17046339412933748,0.180018153320268,0.3408830788110209,16.0,mean NRMSE < 1 and paired-bootstrap lower CI(persistence-model) > 0,32.0,-16.0
S,AB_noaux,4,300,0.9342578005858759,0.1125439134510339,0.10981144103583418,0.07537379775085175,0.1388251028379807,0.1388170544724265,0.1496870113216826,0.2871692899287473,16.0,mean NRMSE < 1 and paired-bootstrap lower CI(persistence-model) > 0,32.0,-16.0
S,AB_noaux,4,1000,0.919979874895137,0.10419156116100795,0.09553351534509502,0.06527626938919671,0.12389121885979947,0.11974443463177105,0.13085695485245405,0.25419418597471666,16.0,mean NRMSE < 1 and paired-bootstrap lower CI(persistence-model) > 0,32.0,-16.0
S,AB_noaux,4,3000,0.9149029707728067,0.09508319078927771,0.09045661122276477,0.06106771392506471,0.11770322176671588,0.1158276676939082,0.1245576425441537,0.23772958861006305,32.0,mean NRMSE < 1 and paired-bootstrap lower CI(persistence-model) > 0,32.0,0.0
S,AB_noaux,4,10000,0.903402880944009,0.06944990602946675,0.07895652139396697,0.053915146234914564,0.10230121695648749,0.0861047746624166,0.10699071360565396,0.19950423879007123,32.0,mean NRMSE < 1 and paired-bootstrap lower CI(persistence-model) > 0,32.0,0.0
S,AB_noaux,8,100,1.000310696751801,0.04422712966254145,0.06014895231927355,0.03527405865223672,0.0868418177867558,0.04635723989472,0.06750679887436764,0.15786834321207652,16.0,mean NRMSE < 1 and paired-bootstrap lower CI(persistence-model) > 0,32.0,-16.0
S,AB_noaux,8,300,0.9928740957369873,0.04313550180244935,0.05271235130445965,0.030838394345211295,0.07746598040698174,0.0449266773463082,0.05947743826602001,0.14457539768721678,16.0,mean NRMSE < 1 and paired-bootstrap lower CI(persistence-model) > 0,32.0,-16.0
S,AB_noaux,8,1000,0.9886885715131609,0.0420763538907272,0.04852682708063329,0.02690475243940623,0.07034658660604536,0.044261520519997,0.054978720254948286,0.13697477515625858,16.0,mean NRMSE < 1 and paired-bootstrap lower CI(persistence-model) > 0,32.0,-16.0
S,AB_noaux,8,3000,0.9867295988285938,0.0414700479697526,0.04656785439606625,0.026414365777066965,0.06844283865365168,0.043353953876938495,0.052956448377808524,0.13435162160259542,32.0,mean NRMSE < 1 and paired-bootstrap lower CI(persistence-model) > 0,32.0,0.0
S,AB_noaux,8,10000,0.9861238360843512,0.0406985404754174,0.04596209165182352,0.02491082242068645,0.06588842882008152,0.0434317186451506,0.052302531959999295,0.1339104512979815,32.0,mean NRMSE < 1 and paired-bootstrap lower CI(persistence-model) > 0,32.0,0.0
S,AB_noaux,16,100,0.9906862478116216,0.007727069375411099,0.024068908733970378,0.0065213067494760656,0.04429032455139761,0.0081539769594712,0.026128431520638536,0.09945190758288361,16.0,mean NRMSE < 1 and paired-bootstrap lower CI(persistence-model) > 0,32.0,-16.0
S,AB_noaux,16,300,0.9853661894728204,0.00417099431762635,0.01874885039516939,0.0043536274044323284,0.03469259606862957,0.0044829708314689,0.02052018957792663,0.09019376774792388,16.0,mean NRMSE < 1 and paired-bootstrap lower CI(persistence-model) > 0,32.0,-16.0
S,AB_noaux,16,1000,0.9816428072965677,0.0014302317101338,0.015025468218916628,0.0020396416875773527,0.028662605883705075,0.00150505009420775,0.016627861397385542,0.08238842351487674,16.0,mean NRMSE < 1 and paired-bootstrap lower CI(persistence-model) > 0,32.0,-16.0
S,AB_noaux,16,3000,0.9784716313848572,0.0006720202444956,0.011854292307205869,0.0015408658416734174,0.02336280097738685,0.0007014428583923,0.013195328053730825,0.07246700794732133,32.0,mean NRMSE < 1 and paired-bootstrap lower CI(persistence-model) > 0,32.0,0.0
S,AB_noaux,16,10000,0.9769533574615893,0.00028829861688744996,0.010336018383938102,0.0007541657798337275,0.020251160024185495,0.00030278533325035,0.01154823179001034,0.058574297658946665,32.0,mean NRMSE < 1 and paired-bootstrap lower CI(persistence-model) > 0,32.0,0.0
S,AB_noaux,32,100,1.0067446409744025,0.00311723317227625,0.011094081592000137,0.0013599107939095468,0.021574077408033555,0.00311297053408555,0.01167673039481732,0.04818767885765884,16.0,mean NRMSE < 1 and paired-bootstrap lower CI(persistence-model) > 0,32.0,-16.0
S,AB_noaux,32,300,1.0036303171504406,0.0021671195201297504,0.007979757768038666,0.00038357900296623554,0.015722507474056895,0.0021661507101623503,0.008452104132048418,0.03994490022997346,16.0,mean NRMSE < 1 and paired-bootstrap lower CI(persistence-model) > 0,32.0,-16.0
S,AB_noaux,32,1000,1.001612983117457,0.0022475176471511,0.005962423735054627,0.0009984476381314487,0.011130447125238144,0.00227084112445845,0.006266491912971892,0.0258023305341635,16.0,mean NRMSE < 1 and paired-bootstrap lower CI(persistence-model) > 0,32.0,-16.0
S,AB_noaux,32,3000,0.9996467058265961,0.0012068236833181001,0.003996146444193844,0.0009213865901455703,0.007003040937419934,0.0011991153809333,0.004221262643062803,0.0196546882763801,32.0,mean NRMSE < 1 and paired-bootstrap lower CI(persistence-model) > 0,32.0,0.0
S,AB_noaux,32,10000,0.997257505445344,0.0003770649484938,0.0016069460629419118,0.000490584683880589,0.002766937764454405,0.00037495950995565,0.0017044290702155245,0.00765669016556282,32.0,mean NRMSE < 1 and paired-bootstrap lower CI(persistence-model) > 0,32.0,0.0
S,AB_noaux,64,100,1.0106751757493542,0.000204697099904,0.0027851034887527047,-0.0009658205401465915,0.007308875057849223,0.00020446742280255,0.0027182978182443145,0.015994229700734233,16.0,mean NRMSE < 1 and paired-bootstrap lower CI(persistence-model) > 0,32.0,-16.0
S,AB_noaux,64,300,1.009719319961072,5.374550688874713e-05,0.0018292477004704447,-0.001299691952259105,0.005918226417910173,5.305618448429627e-05,0.0017808755483596816,0.0128144076872137,16.0,mean NRMSE < 1 and paired-bootstrap lower CI(persistence-model) > 0,32.0,-16.0
S,AB_noaux,64,1000,1.0090844045349707,-0.0002522202350082,0.001194332274369313,-0.0014032757331752792,0.004219225202826792,-0.0002486818807804,0.0011639284281896002,0.01109241049478522,16.0,mean NRMSE < 1 and paired-bootstrap lower CI(persistence-model) > 0,32.0,-16.0
S,AB_noaux,64,3000,1.0087286150084505,-0.0001731472694076,0.0008385427478490953,-0.00105807005565362,0.0029297535350164957,-0.00017264850546755,0.0008173117738274184,0.008779895911478692,32.0,mean NRMSE < 1 and paired-bootstrap lower CI(persistence-model) > 0,32.0,0.0
S,AB_noaux,64,10000,1.0082260491574424,-0.00015087214965155,0.00033597689684097847,-0.000992646724585931,0.0018089696868062843,-0.00014815526912430001,0.0003299690882215318,0.005583519472693201,32.0,mean NRMSE < 1 and paired-bootstrap lower CI(persistence-model) > 0,32.0,0.0
S,AB_noaux,128,100,1.008106061546691,0.0014560992279625,0.0027449396770827614,0.00019969772402599357,0.006391558866161033,0.0014541835078188,0.002706749123876689,0.009783698033505022,16.0,mean NRMSE < 1 and paired-bootstrap lower CI(persistence-model) > 0,32.0,-16.0
S,AB_noaux,128,300,1.007233489905159,0.00131035653221605,0.0018723680355506342,-0.0002997595724375536,0.004492353686482169,0.0013047046665206,0.0018535065217805398,0.008214792274153681,16.0,mean NRMSE < 1 and paired-bootstrap lower CI(persistence-model) > 0,32.0,-16.0
S,AB_noaux,128,1000,1.0065647700254408,0.0009734996598595,0.0012036481558324501,-0.0005965622951773113,0.0030691587023567194,0.00097236390926095,0.0011980342625822864,0.007057346184027053,16.0,mean NRMSE < 1 and paired-bootstrap lower CI(persistence-model) > 0,32.0,-16.0
S,AB_noaux,128,3000,1.0060872542784958,0.0005767767700673499,0.0007261324088873869,-0.0005345452945939673,0.0020182477681390076,0.00057207126061605,0.0007299859653907119,0.006015787138106664,32.0,mean NRMSE < 1 and paired-bootstrap lower CI(persistence-model) > 0,32.0,0.0
S,AB_noaux,128,10000,1.0056439019657202,0.00017399147949610002,0.00028278009611196284,-0.0006081601704964865,0.001164841844806477,0.00017231261161195,0.000292587120013397,0.00414902197366871,32.0,mean NRMSE < 1 and paired-bootstrap lower CI(persistence-model) > 0,32.0,0.0
S,QRC_K0,1,100,0.61147982272917,0.37094717427951895,0.43485122393968595,0.36219890460108595,0.5299040039551096,2.3623965587464513,2.8450157347850222,5.377210999569364,16.0,mean NRMSE < 1 and paired-bootstrap lower CI(persistence-model) > 0,32.0,-16.0
S,QRC_K0,1,300,0.48850213934743275,0.26135011604326536,0.3118735405579488,0.2546881930455776,0.38206802510417004,1.6416967125123136,2.0388875382510276,4.161500476458249,16.0,mean NRMSE < 1 and paired-bootstrap lower CI(persistence-model) > 0,32.0,-16.0
S,QRC_K0,1,1000,0.3879270401500436,0.17539146887649434,0.21129844136055967,0.16820111278748778,0.2712898358402421,1.1025607205685848,1.3864941050130817,2.8964994541795033,16.0,mean NRMSE < 1 and paired-bootstrap lower CI(persistence-model) > 0,32.0,-16.0
S,QRC_K0,1,3000,0.319935978819409,0.11849417525521964,0.14330738002992507,0.11262196679500557,0.1839616639416808,0.7309416628612868,0.9471431223929119,2.071767283302083,16.0,mean NRMSE < 1 and paired-bootstrap lower CI(persistence-model) > 0,32.0,-16.0
S,QRC_K0,1,10000,0.26733612952714697,0.07270642897104725,0.09070753073766305,0.06816212697415631,0.11925388658433238,0.44775455280658016,0.603645284017964,1.4449942684298789,32.0,mean NRMSE < 1 and paired-bootstrap lower CI(persistence-model) > 0,32.0,0.0
S,QRC_K0,2,100,0.7568857391505208,0.34251289569569643,0.3863764525824095,0.32706811370034905,0.4664669494129259,1.04940931106939,1.1701876329907903,2.135497719552008,16.0,mean NRMSE < 1 and paired-bootstrap lower CI(persistence-model) > 0,32.0,-16.0
S,QRC_K0,2,300,0.6654682463247255,0.25359299523435574,0.29495895975661407,0.244990284277122,0.35411879527221934,0.7543265322576254,0.8891410981414409,1.6600475803495107,16.0,mean NRMSE < 1 and paired-bootstrap lower CI(persistence-model) > 0,32.0,-16.0
S,QRC_K0,2,1000,0.5877042830848394,0.1818854124705267,0.21719499651672805,0.17671374140677007,0.2679321869371493,0.5482081289247556,0.6550904468725005,1.2828397749926677,16.0,mean NRMSE < 1 and paired-bootstrap lower CI(persistence-model) > 0,32.0,-16.0
S,QRC_K0,2,3000,0.5277896166602978,0.131720425192555,0.15728033009218648,0.12500428656717763,0.1984136162552252,0.38845547734332475,0.4766397076754483,1.0050146361838252,16.0,mean NRMSE < 1 and paired-bootstrap lower CI(persistence-model) > 0,32.0,-16.0
S,QRC_K0,2,10000,0.4761939056932534,0.08549763862138926,0.1056846191251421,0.0790315050567691,0.13650261856571452,0.25555872383656153,0.3220088627124674,0.7192927513511159,32.0,mean NRMSE < 1 and paired-bootstrap lower CI(persistence-model) > 0,32.0,0.0
S,QRC_K0,4,100,0.9535876425852583,0.1851550943025978,0.17154425597664197,0.10701677090203937,0.22572726781966154,0.25542085173861806,0.2627055257595273,0.5292913887322128,16.0,mean NRMSE < 1 and paired-bootstrap lower CI(persistence-model) > 0,32.0,-16.0
S,QRC_K0,4,300,0.9275675292931583,0.1598832162048073,0.14552414268454206,0.09042525120047398,0.19442973392563792,0.21846417022257386,0.22381672052157,0.4643502695279046,16.0,mean NRMSE < 1 and paired-bootstrap lower CI(persistence-model) > 0,32.0,-16.0
S,QRC_K0,4,1000,0.9045410632337113,0.1317904997428091,0.12249767662509498,0.07229473428938189,0.16633862689561166,0.17595011418299789,0.1859450231068647,0.3681650104722094,16.0,mean NRMSE < 1 and paired-bootstrap lower CI(persistence-model) > 0,32.0,-16.0
S,QRC_K0,4,3000,0.8770327288207455,0.09511407687568965,0.09498934221212925,0.05515547020356783,0.13267169747949029,0.1292567266552055,0.14192741193148456,0.30912383586636527,16.0,mean NRMSE < 1 and paired-bootstrap lower CI(persistence-model) > 0,32.0,-16.0
S,QRC_K0,4,10000,0.8535265560632547,0.0679126365936085,0.0714831694546383,0.03926789442958811,0.10327608718693054,0.09578048205814224,0.10627918626181031,0.2528472769118443,32.0,mean NRMSE < 1 and paired-bootstrap lower CI(persistence-model) > 0,32.0,0.0
S,QRC_K0,8,100,1.0019736309091014,0.03668284452772695,0.041885185163033696,0.016566762003883462,0.06526256034680153,0.0374653649796819,0.048176808317552285,0.14232038592919527,16.0,mean NRMSE < 1 and paired-bootstrap lower CI(persistence-model) > 0,32.0,-16.0
S,QRC_K0,8,300,0.9977143898451243,0.03242691199421805,0.037625944099056584,0.014174997035671658,0.06071334712436116,0.0330825969536537,0.043492628711401554,0.13506098130017546,16.0,mean NRMSE < 1 and paired-bootstrap lower CI(persistence-model) > 0,32.0,-16.0
S,QRC_K0,8,1000,0.9941616601147681,0.0290934503465429,0.0340732143687005,0.01249546211906122,0.054748671904926244,0.0298249312191455,0.03956932514129804,0.13038631994141386,16.0,mean NRMSE < 1 and paired-bootstrap lower CI(persistence-model) > 0,32.0,-16.0
S,QRC_K0,8,3000,0.9880788631411633,0.02358994619704705,0.027990417395095803,0.010114883943449594,0.04514034445603061,0.02441213942449135,0.0325019505803104,0.10344037828158757,16.0,mean NRMSE < 1 and paired-bootstrap lower CI(persistence-model) > 0,32.0,-16.0
S,QRC_K0,8,10000,0.9826344540794825,0.019446661783747397,0.022546008333415034,0.008316227317278794,0.036247923640339165,0.020440736307229,0.02601764656047275,0.0855799346993533,32.0,mean NRMSE < 1 and paired-bootstrap lower CI(persistence-model) > 0,32.0,0.0
S,QRC_K0,16,100,0.9880738944571346,0.0040580380981857,0.009677169210981594,0.0023715724946434032,0.017498892850481153,0.0040585697362823005,0.010410202181014083,0.038407365489086215,16.0,mean NRMSE < 1 and paired-bootstrap lower CI(persistence-model) > 0,32.0,-16.0
S,QRC_K0,16,300,0.983057049735864,0.0017610900716846,0.0046603244897111765,0.00022765291067830337,0.009308737356206432,0.0018034394931193002,0.0052576251757518256,0.01729574387365214,16.0,mean NRMSE < 1 and paired-bootstrap lower CI(persistence-model) > 0,32.0,-16.0
S,QRC_K0,16,1000,0.9805095225582355,0.0005747612117728499,0.0021127973120825694,-0.001086215685928042,0.0058243117732098655,0.0005960953071048501,0.002696743129758188,0.009656182669649049,16.0,mean NRMSE < 1 and paired-bootstrap lower CI(persistence-model) > 0,32.0,-16.0
S,QRC_K0,16,3000,0.97998107655011,0.0002484745682588,0.001584351303957309,-0.0015935306065811938,0.005051132969772505,0.00025764055622085,0.002165463285255936,0.00879991319447382,16.0,mean NRMSE < 1 and paired-bootstrap lower CI(persistence-model) > 0,32.0,-16.0
S,QRC_K0,16,10000,0.9797660220336701,6.953774600132467e-05,0.0013692967875172499,-0.0014742818246567656,0.004654538417639134,7.351937354745165e-05,0.001892386260258903,0.006851946793836909,32.0,mean NRMSE < 1 and paired-bootstrap lower CI(persistence-model) > 0,32.0,0.0
S,QRC_K0,32,100,1.0077447784473388,0.00240802403307215,0.008525101915019777,0.0006512436204333666,0.01705228491060738,0.0024103779946665,0.008904682530547964,0.03744908403847363,16.0,mean NRMSE < 1 and paired-bootstrap lower CI(persistence-model) > 0,32.0,-16.0
S,QRC_K0,32,300,1.0050774112333567,0.0019126709478971,0.00585773470103771,-0.00014573443320349642,0.011663022158888712,0.0018991108616324501,0.0061024285839065264,0.026761601489664378,16.0,mean NRMSE < 1 and paired-bootstrap lower CI(persistence-model) > 0,32.0,-16.0
S,QRC_K0,32,1000,1.0030232581751521,0.0017462329608919,0.0038035816428331573,0.0005642921121039339,0.007139299201268577,0.0017617693958998,0.003908081823263846,0.017261045501714582,16.0,mean NRMSE < 1 and paired-bootstrap lower CI(persistence-model) > 0,32.0,-16.0
S,QRC_K0,32,3000,1.0010473828559807,0.00114140317883455,0.0018277063236616302,0.0006995459199602088,0.00309422792404053,0.0011359216671970001,0.0018237811193271773,0.006771658467137502,16.0,mean NRMSE < 1 and paired-bootstrap lower CI(persistence-model) > 0,32.0,-16.0
S,QRC_K0,32,10000,0.9998428052652222,0.00032904221147785,0.0006231287329032232,0.0002998413312075677,0.0010107204877141914,0.00033341702994815,0.0006219792837862995,0.0027646667147057918,32.0,mean NRMSE < 1 and paired-bootstrap lower CI(persistence-model) > 0,32.0,0.0
S,QRC_K0,64,100,1.0118655337422482,0.00040394239682674997,0.0018768863455538435,-7.372482401478168e-05,0.004351973926370507,0.000402436691201,0.0017872428925265586,0.007886366366580562,16.0,mean NRMSE < 1 and paired-bootstrap lower CI(persistence-model) > 0,32.0,-16.0
S,QRC_K0,64,300,1.0111982903975127,0.00042323062003320005,0.0012096430008182607,-0.00012403021652278456,0.0027241495892345088,0.0004210777114467,0.0011570789798795314,0.005266767157076632,16.0,mean NRMSE < 1 and paired-bootstrap lower CI(persistence-model) > 0,32.0,-16.0
S,QRC_K0,64,1000,1.010585288706592,3.774259083288989e-05,0.0005966413098976377,-0.00031122389185530273,0.0016971040261080286,3.752777135454796e-05,0.0005643673511755458,0.003461972591639711,16.0,mean NRMSE < 1 and paired-bootstrap lower CI(persistence-model) > 0,32.0,-16.0
S,QRC_K0,64,3000,1.0103429212257593,4.643837304196818e-06,0.00035427382906501955,-0.0002918057395537228,0.0011300314798134167,4.6392650001711065e-06,0.00033349046312240765,0.0022985651547300003,16.0,mean NRMSE < 1 and paired-bootstrap lower CI(persistence-model) > 0,32.0,-16.0
S,QRC_K0,64,10000,1.0103851012262408,5.9693370619839925e-06,0.0003964538295464783,-0.0001421662292850018,0.0010347231479124175,5.934455135868432e-06,0.0003793066948346324,0.0018563608671300835,32.0,mean NRMSE < 1 and paired-bootstrap lower CI(persistence-model) > 0,32.0,0.0
S,QRC_K0,128,100,1.0098981292403615,0.0008140534928444,0.002116676966934064,-0.0005070045817120144,0.005714434625650116,0.00081558792357645,0.002055474288089712,0.008555458123234161,16.0,mean NRMSE < 1 and paired-bootstrap lower CI(persistence-model) > 0,32.0,-16.0
S,QRC_K0,128,300,1.008980926998491,0.0004964662626114999,0.0011994747250636923,-0.0011451379486301545,0.004129894413661258,0.0004980589351755,0.0011591889988081209,0.006901645179518421,16.0,mean NRMSE < 1 and paired-bootstrap lower CI(persistence-model) > 0,32.0,-16.0
S,QRC_K0,128,1000,1.0087798522643865,0.00039383274316225,0.0009983999909588856,-0.000997932589151673,0.003477248779866792,0.00039124259375365,0.0009655901449825251,0.006754626615900331,16.0,mean NRMSE < 1 and paired-bootstrap lower CI(persistence-model) > 0,32.0,-16.0
S,QRC_K0,128,3000,1.0084449674278977,0.00014014165958775002,0.0006635151544703026,-0.0007880955772266339,0.002378095823280324,0.000139539525585,0.0006446843293554328,0.006094679001913282,16.0,mean NRMSE < 1 and paired-bootstrap lower CI(persistence-model) > 0,32.0,-16.0
S,QRC_K0,128,10000,1.0081137866063403,9.938565560495966e-05,0.0003323343329129207,-0.000567073368290802,0.0014487999099511532,9.943294002536651e-05,0.0003245026020854726,0.004041807090628601,32.0,mean NRMSE < 1 and paired-bootstrap lower CI(persistence-model) > 0,32.0,0.0
S,single_kernel,1,100,0.61900660790869,0.3833986481562687,0.44539385760569655,0.3733624934378408,0.5380621426677622,2.5534510520133002,2.95453704849336,5.656998640941239,16.0,mean NRMSE < 1 and paired-bootstrap lower CI(persistence-model) > 0,32.0,-16.0
S,single_kernel,1,300,0.4937291557877656,0.27245941167628374,0.32011640548477216,0.2631192107190619,0.3948192950672328,1.7860210512430585,2.114943058065344,4.207191615017023,16.0,mean NRMSE < 1 and paired-bootstrap lower CI(persistence-model) > 0,32.0,-16.0
S,single_kernel,1,1000,0.3953119441574403,0.19112016967824386,0.22169919385444686,0.18052541975749736,0.2735305316631963,1.1672173614541865,1.4624911584263263,2.8369333665736227,16.0,mean NRMSE < 1 and paired-bootstrap lower CI(persistence-model) > 0,32.0,-16.0
S,single_kernel,1,3000,0.33333975601877897,0.13985685857293007,0.15972700571578552,0.1297123664660538,0.19473006992117603,0.8239985450618231,1.0579706523406056,2.0946699799436788,16.0,mean NRMSE < 1 and paired-bootstrap lower CI(persistence-model) > 0,32.0,-16.0
S,single_kernel,1,10000,0.2836163518560435,0.09626805661768614,0.1100036015530501,0.08691428997013012,0.1384167206674584,0.5755810343776309,0.7289414046305501,1.3682535281388295,32.0,mean NRMSE < 1 and paired-bootstrap lower CI(persistence-model) > 0,32.0,0.0
S,single_kernel,2,100,0.7619755595268144,0.35778232492376283,0.3971317972483973,0.33749000392945316,0.47016589654228685,1.1027557946852309,1.2211635655819963,2.1589901467725694,16.0,mean NRMSE < 1 and paired-bootstrap lower CI(persistence-model) > 0,32.0,-16.0
S,single_kernel,2,300,0.670975410587974,0.2722559072520745,0.3061316483095569,0.25692140752211784,0.36598562561680337,0.7872297069638873,0.9331795136140041,1.6642011798437868,16.0,mean NRMSE < 1 and paired-bootstrap lower CI(persistence-model) > 0,32.0,-16.0
S,single_kernel,2,1000,0.5970073052927821,0.20493382614905675,0.23216354301436495,0.19430814592335652,0.28113837625473,0.5994373451152071,0.7050663033734892,1.2194203270535884,16.0,mean NRMSE < 1 and paired-bootstrap lower CI(persistence-model) > 0,32.0,-16.0
S,single_kernel,2,3000,0.545525568049973,0.15892672562001456,0.18068180577155601,0.14946181589049432,0.22033619849240657,0.4685557176804942,0.5510005252268151,0.9715010087321294,16.0,mean NRMSE < 1 and paired-bootstrap lower CI(persistence-model) > 0,32.0,-16.0
S,single_kernel,2,10000,0.4977698425122179,0.1170973351219497,0.13292608023380081,0.10486057346446291,0.1659185189616045,0.3396991332490843,0.4072251745838206,0.7575610337186794,32.0,mean NRMSE < 1 and paired-bootstrap lower CI(persistence-model) > 0,32.0,0.0
S,single_kernel,4,100,0.9555064509354964,0.19633402776641895,0.18305665119328793,0.11906491345114568,0.24265348368223166,0.2642173584368578,0.28576404400129746,0.5499468883065314,16.0,mean NRMSE < 1 and paired-bootstrap lower CI(persistence-model) > 0,32.0,-16.0
S,single_kernel,4,300,0.9304803724255735,0.172478365457828,0.15803057268336515,0.09576830545012593,0.20600358678257624,0.23234235090800484,0.24812309242786923,0.4617459833093521,16.0,mean NRMSE < 1 and paired-bootstrap lower CI(persistence-model) > 0,32.0,-16.0
S,single_kernel,4,1000,0.9121980451443011,0.14766920346468115,0.13974824540209274,0.07904813548326352,0.18741847896312375,0.20639389752511175,0.21956025568271598,0.40943444500791465,16.0,mean NRMSE < 1 and paired-bootstrap lower CI(persistence-model) > 0,32.0,-16.0
S,single_kernel,4,3000,0.8922127035531452,0.1339845880083795,0.11976290381093681,0.06844122476528948,0.1622713146875407,0.17890431122361725,0.18580949535457286,0.3614323069606376,16.0,mean NRMSE < 1 and paired-bootstrap lower CI(persistence-model) > 0,32.0,-16.0
S,single_kernel,4,10000,0.8648441903730698,0.09056155035416019,0.09239439063086138,0.05151903301236196,0.13138472000674958,0.11593610082872614,0.1416803338112586,0.3030759636810798,32.0,mean NRMSE < 1 and paired-bootstrap lower CI(persistence-model) > 0,32.0,0.0
S,single_kernel,8,100,1.001651676115296,0.0458460842336023,0.058396402461259204,0.03041346816673333,0.08755229267738941,0.04865418665825555,0.06726560846984149,0.17472611795996734,16.0,mean NRMSE < 1 and paired-bootstrap lower CI(persistence-model) > 0,32.0,-16.0
S,single_kernel,8,300,0.9966050881849765,0.038437413877284346,0.053349814530939475,0.02713742691943703,0.07949457693839349,0.04194749400342515,0.0616006056062778,0.1595495078674948,16.0,mean NRMSE < 1 and paired-bootstrap lower CI(persistence-model) > 0,32.0,-16.0
S,single_kernel,8,1000,0.9931126967424591,0.03743255115678955,0.04985742308842197,0.02619226658821134,0.07718055108674646,0.038513960613516904,0.05786204752192204,0.14641363002156507,16.0,mean NRMSE < 1 and paired-bootstrap lower CI(persistence-model) > 0,32.0,-16.0
S,single_kernel,8,3000,0.9911752810819856,0.0344692719893333,0.047920007427948594,0.023432900769965872,0.07446606858958392,0.037954365429414105,0.0556907720774608,0.1432582652256311,16.0,mean NRMSE < 1 and paired-bootstrap lower CI(persistence-model) > 0,32.0,-16.0
S,single_kernel,8,10000,0.9850419151773877,0.0303479530853425,0.04178664152335072,0.019836116363623462,0.06436758222333994,0.0303433854050235,0.04864833145159473,0.1411585256153617,32.0,mean NRMSE < 1 and paired-bootstrap lower CI(persistence-model) > 0,32.0,0.0
S,single_kernel,16,100,0.9907096364727842,0.00551667653703035,0.023774664521247338,0.007178090025163643,0.04273003798670395,0.005629499740734701,0.02590152105477663,0.09775522372506551,16.0,mean NRMSE < 1 and paired-bootstrap lower CI(persistence-model) > 0,32.0,-16.0
S,single_kernel,16,300,0.9847872603455017,0.00244342047918765,0.017852288393964806,0.0037980068264017123,0.03380199452686585,0.00259034389619195,0.019678213465330063,0.0852414581699508,16.0,mean NRMSE < 1 and paired-bootstrap lower CI(persistence-model) > 0,32.0,-16.0
S,single_kernel,16,1000,0.9820059686874933,0.0011101359193782,0.015070996735956682,0.0031258217502233405,0.028485844534107987,0.00114281299291175,0.016805810746461897,0.0805677756710916,16.0,mean NRMSE < 1 and paired-bootstrap lower CI(persistence-model) > 0,32.0,-16.0
S,single_kernel,16,3000,0.9811928379417395,0.00035851731080425,0.014257865990202815,0.0028605498196789115,0.028302031827348095,0.0003839169678264,0.015947155848219735,0.08069175346931001,16.0,mean NRMSE < 1 and paired-bootstrap lower CI(persistence-model) > 0,32.0,-16.0
S,single_kernel,16,10000,0.9805629341988187,0.00023708172191369998,0.013627962247282023,0.0018350227487068675,0.026562463177359465,0.0002361006276312,0.015281387333935203,0.0803147384491465,32.0,mean NRMSE < 1 and paired-bootstrap lower CI(persistence-model) > 0,32.0,0.0
S,single_kernel,32,100,1.0077604272514937,0.003441412904537,0.00975237081480361,0.001323751871525422,0.019519788854174137,0.0034292773146900497,0.010240298829214466,0.04197245303952128,16.0,mean NRMSE < 1 and paired-bootstrap lower CI(persistence-model) > 0,32.0,-16.0
S,single_kernel,32,300,1.004824901361996,0.0031902161542321497,0.006816844925305879,0.00041711153898489915,0.01372400004955574,0.00320858512382915,0.007122969655437341,0.029673062459712192,16.0,mean NRMSE < 1 and paired-bootstrap lower CI(persistence-model) > 0,32.0,-16.0
S,single_kernel,32,1000,1.0025400905299906,0.0028425511427116997,0.004532034093300547,0.0004425925153240989,0.008997759184251494,0.00290607686822965,0.004760756641468071,0.021624720926796112,16.0,mean NRMSE < 1 and paired-bootstrap lower CI(persistence-model) > 0,32.0,-16.0
S,single_kernel,32,3000,1.0007672062935211,0.00143087864367485,0.0027591498568310733,0.0008427592450774338,0.004886188178618197,0.00144113907346765,0.00288295727226072,0.013282066558427064,16.0,mean NRMSE < 1 and paired-bootstrap lower CI(persistence-model) > 0,32.0,-16.0
S,single_kernel,32,10000,0.9987454950173952,0.0004138658526262,0.0007374385807052603,-0.0003823760954793414,0.001790773414171585,0.00040581281368055,0.0008219356403739623,0.005297617362782219,32.0,mean NRMSE < 1 and paired-bootstrap lower CI(persistence-model) > 0,32.0,0.0
S,single_kernel,64,100,1.0112993367435592,0.00097076058096775,0.00278876438706855,0.00017872680501377307,0.0062185090555121935,0.0009669123391352001,0.0026914643107909257,0.0111767066112814,16.0,mean NRMSE < 1 and paired-bootstrap lower CI(persistence-model) > 0,32.0,-16.0
S,single_kernel,64,300,1.010177798140756,0.0005756042249056999,0.0016672257842652095,-0.00016489088659982898,0.003943192813671024,0.00057432906142105,0.0016066648664022976,0.007345296987389932,16.0,mean NRMSE < 1 and paired-bootstrap lower CI(persistence-model) > 0,32.0,-16.0
S,single_kernel,64,1000,1.0094500973966918,0.00013285669505675,0.0009395250402010946,-0.00039365302907749496,0.0025940822024154058,0.000132038340848,0.0009023473462618349,0.005932305047701581,16.0,mean NRMSE < 1 and paired-bootstrap lower CI(persistence-model) > 0,32.0,-16.0
S,single_kernel,64,3000,1.0092813825506095,2.2916991655685948e-05,0.0007708101941188301,-0.00028071451118323295,0.0019167423031259954,2.289318358849148e-05,0.0007385949273124245,0.004669264242214904,16.0,mean NRMSE < 1 and paired-bootstrap lower CI(persistence-model) > 0,32.0,-16.0
S,single_kernel,64,10000,1.00886239584732,4.392821083964993e-05,0.0003518234908291459,-0.00023892045652677428,0.0009605753535760925,4.38662425186304e-05,0.000340059722133564,0.002774087273377361,32.0,mean NRMSE < 1 and paired-bootstrap lower CI(persistence-model) > 0,32.0,0.0
S,single_kernel,128,100,1.0085114952013752,0.0014708300366792,0.002816663860718785,-0.0008017478801782951,0.0069987690347775465,0.00146782825441825,0.0027950405635514667,0.011536180806100364,16.0,mean NRMSE < 1 and paired-bootstrap lower CI(persistence-model) > 0,32.0,-16.0
S,single_kernel,128,300,1.007550518472597,0.00088593758771175,0.0018556871319404791,-0.00137287386177584,0.005135238620510854,0.0008838272950395501,0.0018531659048607314,0.009580038126297952,16.0,mean NRMSE < 1 and paired-bootstrap lower CI(persistence-model) > 0,32.0,-16.0
S,single_kernel,128,1000,1.0072875769682381,0.0010382968047425,0.0015927456275818006,-0.0011280448356163096,0.00458796450846255,0.0010281174733742,0.0015933673999244575,0.008791298468981851,16.0,mean NRMSE < 1 and paired-bootstrap lower CI(persistence-model) > 0,32.0,-16.0
S,single_kernel,128,3000,1.006793292046677,0.00054034494929995,0.0010984607060206192,-0.0011956088037073718,0.0034797565089254427,0.0005373565162086001,0.001110250074459152,0.00819068028039688,16.0,mean NRMSE < 1 and paired-bootstrap lower CI(persistence-model) > 0,32.0,-16.0
S,single_kernel,128,10000,1.0064288648978001,0.00041946061944305,0.00073403355714372,-0.0010403318204503483,0.002501998359573371,0.00041238778921145,0.0007478643430768911,0.0070888389273226025,32.0,mean NRMSE < 1 and paired-bootstrap lower CI(persistence-model) > 0,32.0,0.0
Z,AB_noaux,1,100,0.6033890311055005,0.2788801827867353,0.28719671286304116,0.25543220720676546,0.3181319568092074,0.9906681599011862,0.9766729966586486,1.3714463721839554,8.0,mean NRMSE < 1 and paired-bootstrap lower CI(persistence-model) > 0,16.0,-8.0
Z,AB_noaux,1,300,0.4984971129275748,0.17690905181638572,0.18230479468511557,0.15857313802111492,0.20604614008272149,0.6284531504513835,0.6220040381986032,0.8894950218400212,16.0,mean NRMSE < 1 and paired-bootstrap lower CI(persistence-model) > 0,16.0,0.0
Z,AB_noaux,1,1000,0.42352903460124414,0.10478989510856859,0.10733671635878489,0.09140026904760021,0.12261024099307785,0.36454905171603214,0.36653665433158344,0.5411397171018129,16.0,mean NRMSE < 1 and paired-bootstrap lower CI(persistence-model) > 0,16.0,0.0
Z,AB_noaux,1,3000,0.3809366915350108,0.0631104318429132,0.0647443732925515,0.0545308198418236,0.07600551350452676,0.21720967405113595,0.2207080770945711,0.3473927029036153,16.0,mean NRMSE < 1 and paired-bootstrap lower CI(persistence-model) > 0,16.0,0.0
Z,AB_noaux,1,10000,0.35238434179006456,0.0355972996984852,0.036192023547605257,0.030246025115243727,0.042328752527432116,0.12320243800287295,0.12328664454206395,0.19847603866001254,16.0,mean NRMSE < 1 and paired-bootstrap lower CI(persistence-model) > 0,16.0,0.0
Z,AB_noaux,2,100,0.7597515940918904,0.19770137658023845,0.19212340136906628,0.16372916883986272,0.21676696172836304,0.36054560840950967,0.3588496656434661,0.518001084824219,8.0,mean NRMSE < 1 and paired-bootstrap lower CI(persistence-model) > 0,16.0,-8.0
Z,AB_noaux,2,300,0.7005467736764507,0.13979793261076034,0.13291858095362657,0.11016297925112654,0.1527932811622734,0.252493677755496,0.2486597200231261,0.3696590833871074,16.0,mean NRMSE < 1 and paired-bootstrap lower CI(persistence-model) > 0,16.0,0.0
Z,AB_noaux,2,1000,0.6572582802141153,0.09404440396050055,0.08963008749129098,0.07054938088911639,0.10615193648369275,0.171538992350194,0.16786246385029083,0.26761098535726147,16.0,mean NRMSE < 1 and paired-bootstrap lower CI(persistence-model) > 0,16.0,0.0
Z,AB_noaux,2,3000,0.6283349593794442,0.0621510439974432,0.06070676665661999,0.047053944009017745,0.0730654457488417,0.11711380304111266,0.11375859385009138,0.18886325596922743,16.0,mean NRMSE < 1 and paired-bootstrap lower CI(persistence-model) > 0,16.0,0.0
Z,AB_noaux,2,10000,0.6041497951508716,0.0375629547392043,0.03652160242804737,0.028116433369260296,0.04407853609654729,0.06993437394826005,0.06864973871054901,0.1200317991627877,16.0,mean NRMSE < 1 and paired-bootstrap lower CI(persistence-model) > 0,16.0,0.0
Z,AB_noaux,4,100,0.9417404282991235,0.07019871276578875,0.06313431826527209,0.044886722199492676,0.07960065686536931,0.07953240132498285,0.07568379880617662,0.13299422477917652,8.0,mean NRMSE < 1 and paired-bootstrap lower CI(persistence-model) > 0,16.0,-8.0
Z,AB_noaux,4,300,0.9283372916336838,0.0567518053698909,0.049731181599832704,0.03312982129598092,0.06384176198609835,0.06432679919341755,0.059468163679234,0.1091908902565555,16.0,mean NRMSE < 1 and paired-bootstrap lower CI(persistence-model) > 0,16.0,0.0
Z,AB_noaux,4,1000,0.9182100592755936,0.044962496402847954,0.039603949241742376,0.02590914804413626,0.051691512105606414,0.052221317805472955,0.04710283363734419,0.09055229878885339,16.0,mean NRMSE < 1 and paired-bootstrap lower CI(persistence-model) > 0,16.0,0.0
Z,AB_noaux,4,3000,0.9101567943522983,0.034151836943092054,0.031550684318447014,0.019889632492663338,0.04156317524066858,0.039728553158844146,0.0373746161645042,0.0716233986521032,16.0,mean NRMSE < 1 and paired-bootstrap lower CI(persistence-model) > 0,16.0,0.0
Z,AB_noaux,4,10000,0.8994046632726598,0.0221404613999486,0.020798553238808484,0.012470957327476431,0.027929350179564452,0.024920949121448002,0.0246176854843835,0.052437156208757475,16.0,mean NRMSE < 1 and paired-bootstrap lower CI(persistence-model) > 0,16.0,0.0
Z,AB_noaux,8,100,0.992800944868628,0.0216634502195799,0.024671681858457573,0.016945130929220214,0.03280071809847448,0.02262226611088575,0.026023944902689784,0.06244009113280473,8.0,mean NRMSE < 1 and paired-bootstrap lower CI(persistence-model) > 0,16.0,-8.0
Z,AB_noaux,8,300,0.9857864134292103,0.0156860414343089,0.017657150419039726,0.010990342724619986,0.025602959554541335,0.0161606265807543,0.018693934705170025,0.04815407974448612,16.0,mean NRMSE < 1 and paired-bootstrap lower CI(persistence-model) > 0,16.0,0.0
Z,AB_noaux,8,1000,0.9806944634549016,0.01185689303711405,0.012565200444731249,0.008074029912624897,0.017745420908251236,0.0121254783186515,0.01324717296519062,0.03634495695830247,16.0,mean NRMSE < 1 and paired-bootstrap lower CI(persistence-model) > 0,16.0,0.0
Z,AB_noaux,8,3000,0.97697431429863,0.0087409487094391,0.00884505128845961,0.005678473194701203,0.012203606502894655,0.0089947656789191,0.009281857908103012,0.024215990818830944,16.0,mean NRMSE < 1 and paired-bootstrap lower CI(persistence-model) > 0,16.0,0.0
Z,AB_noaux,8,10000,0.9746303690813539,0.0068699322220138,0.006501106071183428,0.0034640138286729898,0.009437480442411272,0.00713024368172965,0.006841425466216151,0.019916547359231967,16.0,mean NRMSE < 1 and paired-bootstrap lower CI(persistence-model) > 0,16.0,0.0
Z,AB_noaux,16,100,1.007401931446822,0.01621045360917195,0.01856205561551164,0.007650566583052736,0.030286662434504508,0.01682508118031465,0.019463955072909947,0.063361562429425,8.0,mean NRMSE < 1 and paired-bootstrap lower CI(persistence-model) > 0,16.0,-8.0
Z,AB_noaux,16,300,0.9993011352820882,0.0077441755555222504,0.010461259450777619,-0.0021432336668851526,0.022671964682897058,0.007717008513244699,0.011257904246315236,0.052191008588108864,16.0,mean NRMSE < 1 and paired-bootstrap lower CI(persistence-model) > 0,16.0,0.0
Z,AB_noaux,16,1000,0.9948945652703483,0.004425091516758749,0.0060546894390376355,-0.0038784609344943706,0.015097829001051824,0.00450404348092295,0.006616789873049648,0.03470435654454154,16.0,mean NRMSE < 1 and paired-bootstrap lower CI(persistence-model) > 0,16.0,0.0
Z,AB_noaux,16,3000,0.9914554009547343,0.0020068332798823,0.002615525123423679,-0.006141427666410236,0.00982200161820714,0.0020221271989277,0.003054826583423805,0.025674105334861034,16.0,mean NRMSE < 1 and paired-bootstrap lower CI(persistence-model) > 0,16.0,0.0
Z,AB_noaux,16,10000,0.9894432956154765,0.0001873500320375,0.0006034197841658745,-0.006812552398363798,0.0069429712185837805,0.0001819833417167,0.0009598807839185775,0.020079315492769992,16.0,mean NRMSE < 1 and paired-bootstrap lower CI(persistence-model) > 0,16.0,0.0
Z,AB_noaux,32,100,1.061090300786201,0.01156947539268705,0.013977473873264258,0.005539504531929913,0.022423266021804535,0.01155382923971265,0.013696432387084486,0.045057715623674326,8.0,mean NRMSE < 1 and paired-bootstrap lower CI(persistence-model) > 0,16.0,-8.0
Z,AB_noaux,32,300,1.0552513163266213,0.008173458007717349,0.00813848941368462,0.0006121568437199112,0.01602166969839996,0.007625155255969801,0.00811746638059434,0.03713795810066128,16.0,mean NRMSE < 1 and paired-bootstrap lower CI(persistence-model) > 0,16.0,0.0
Z,AB_noaux,32,1000,1.0512224415310356,0.00575220497079445,0.004109614618098956,-0.00274855907829763,0.010623408217741949,0.0056217343289488506,0.004219994141226797,0.024671693752384028,16.0,mean NRMSE < 1 and paired-bootstrap lower CI(persistence-model) > 0,16.0,0.0
Z,AB_noaux,32,3000,1.049075589852206,0.0032540543085167,0.00196276293926942,-0.003487648177240443,0.006957857095338545,0.0031615935154669,0.0020854927645174433,0.018476299469225826,16.0,mean NRMSE < 1 and paired-bootstrap lower CI(persistence-model) > 0,16.0,0.0
Z,AB_noaux,32,10000,1.0468824248472555,0.00100837229781415,-0.00023040206568108215,-0.004255498627176162,0.0033520324330146524,0.00098598694742305,-6.566678168538815e-05,0.011873044107809556,16.0,mean NRMSE < 1 and paired-bootstrap lower CI(persistence-model) > 0,16.0,0.0
Z,AB_noaux,64,100,1.0955872431316833,0.0109547535099866,0.009031363214419403,-0.001775985603278368,0.02011438162433036,0.01015063711224315,0.009095420639835232,0.04461393408812458,8.0,mean NRMSE < 1 and paired-bootstrap lower CI(persistence-model) > 0,16.0,-8.0
Z,AB_noaux,64,300,1.0895348775812281,0.00741870222040105,0.002978997663964378,-0.008576098861240078,0.013359974199364869,0.0068746180313745,0.0036469964985680883,0.038276125347033216,16.0,mean NRMSE < 1 and paired-bootstrap lower CI(persistence-model) > 0,16.0,0.0
Z,AB_noaux,64,1000,1.0860384345889706,0.0044672260638051,-0.000517445328293098,-0.0116238400456341,0.009755707015166648,0.00418052665839765,0.0004415138461276271,0.027712074749593214,16.0,mean NRMSE < 1 and paired-bootstrap lower CI(persistence-model) > 0,16.0,0.0
Z,AB_noaux,64,3000,1.0837739288888584,0.00330354249137805,-0.002781951028405531,-0.013080413142667481,0.005966560974844895,0.003060432651745,-0.0017554009964394742,0.02039365246235638,16.0,mean NRMSE < 1 and paired-bootstrap lower CI(persistence-model) > 0,16.0,0.0
Z,AB_noaux,64,10000,1.0820661974938117,0.00087191020740525,-0.004489682423451994,-0.015319595627997657,0.003961719694811144,0.0008214812918093,-0.003438346249161539,0.015600884795460611,16.0,mean NRMSE < 1 and paired-bootstrap lower CI(persistence-model) > 0,16.0,0.0
Z,AB_noaux,128,100,1.1008824990264554,0.02211650469731615,0.01698519637579431,0.006916119664372266,0.026194457186708407,0.02084268694607955,0.016396449252301017,0.05185184127958574,8.0,mean NRMSE < 1 and paired-bootstrap lower CI(persistence-model) > 0,16.0,-8.0
Z,AB_noaux,128,300,1.091143223418511,0.01529394292396485,0.007245920767850096,-0.006006493066437517,0.018647421817786034,0.01481840334337505,0.007908801633072714,0.03883124094585358,16.0,mean NRMSE < 1 and paired-bootstrap lower CI(persistence-model) > 0,16.0,0.0
Z,AB_noaux,128,1000,1.0856102651256019,0.0116858138177231,0.001712962474940769,-0.013355901630206349,0.014179734768872758,0.011007924371832699,0.0029916394568758847,0.034946511251780964,16.0,mean NRMSE < 1 and paired-bootstrap lower CI(persistence-model) > 0,16.0,0.0
Z,AB_noaux,128,3000,1.0822050609090499,0.009242363016409,-0.0016922417416111479,-0.01861122462420105,0.011205188457954538,0.00882072609880305,-0.00012360934469308118,0.027110975555895984,16.0,mean NRMSE < 1 and paired-bootstrap lower CI(persistence-model) > 0,16.0,0.0
Z,AB_noaux,128,10000,1.0798694951868937,0.005222597237881949,-0.004027807463767385,-0.0194930215336557,0.008189685729026093,0.0049405558450038994,-0.0023542675404745455,0.022725345258925802,16.0,mean NRMSE < 1 and paired-bootstrap lower CI(persistence-model) > 0,16.0,0.0
Z,QRC_K0,1,100,0.6050155590260522,0.33698596445848383,0.3372728691590302,0.30356823105057423,0.37057978732041563,1.4580217001337024,1.3748097041898615,1.8431847581330296,4.0,mean NRMSE < 1 and paired-bootstrap lower CI(persistence-model) > 0,16.0,-12.0
Z,QRC_K0,1,300,0.49677580058741266,0.2316607151137575,0.2290331107203907,0.201374166026539,0.2561918759239727,0.9950061039086099,0.9372209735875754,1.269404837160933,4.0,mean NRMSE < 1 and paired-bootstrap lower CI(persistence-model) > 0,16.0,-12.0
Z,QRC_K0,1,1000,0.4083877653125888,0.13713377633043775,0.14064507544556676,0.12112178333460281,0.16043697745140095,0.5919809066868562,0.5770277071430258,0.8231199652096873,8.0,mean NRMSE < 1 and paired-bootstrap lower CI(persistence-model) > 0,16.0,-8.0
Z,QRC_K0,1,3000,0.3544734410820135,0.08354193353109371,0.08673075121499145,0.07388965339868825,0.10041601368524022,0.3573056855627776,0.35552574821241006,0.5425512697148425,8.0,mean NRMSE < 1 and paired-bootstrap lower CI(persistence-model) > 0,16.0,-8.0
Z,QRC_K0,1,10000,0.31694755964875476,0.0472132784962144,0.049204869781732746,0.04192852239856377,0.05700418320382813,0.1954607135421303,0.20174673347298824,0.3306241714065537,16.0,mean NRMSE < 1 and paired-bootstrap lower CI(persistence-model) > 0,16.0,0.0
Z,QRC_K0,2,100,0.7666063010687622,0.26361568764665577,0.25741150959122516,0.22692510466406324,0.2863731195475562,0.5460306603762891,0.5351560635814332,0.7436598705137365,4.0,mean NRMSE < 1 and paired-bootstrap lower CI(persistence-model) > 0,16.0,-12.0
Z,QRC_K0,2,300,0.6991962832463962,0.19549008214751334,0.1900014917688592,0.16282621204383457,0.21619952350974805,0.4099305654849055,0.3955987354968418,0.5522642804060401,4.0,mean NRMSE < 1 and paired-bootstrap lower CI(persistence-model) > 0,16.0,-12.0
Z,QRC_K0,2,1000,0.6390268167673427,0.12792041120388195,0.12983202528980584,0.10873243628155495,0.15049394336981262,0.27378980022597194,0.27083528895761544,0.40229274861167813,8.0,mean NRMSE < 1 and paired-bootstrap lower CI(persistence-model) > 0,16.0,-8.0
Z,QRC_K0,2,3000,0.5970458499999137,0.0859123394642982,0.08785105852237687,0.07176005147640152,0.1039772341522382,0.1826520774204373,0.1833494225902894,0.29604303740722926,8.0,mean NRMSE < 1 and paired-bootstrap lower CI(persistence-model) > 0,16.0,-8.0
Z,QRC_K0,2,10000,0.563061668710677,0.05038796107111655,0.05386687723314004,0.0429931606477955,0.06431168512475649,0.10772109204027575,0.11254832103852823,0.19625671105112422,16.0,mean NRMSE < 1 and paired-bootstrap lower CI(persistence-model) > 0,16.0,0.0
Z,QRC_K0,4,100,0.9557861161222583,0.09207021142093486,0.08845322009684739,0.0663718596810653,0.10842568235740989,0.10723139124001249,0.10677230095079014,0.19570654990184855,4.0,mean NRMSE < 1 and paired-bootstrap lower CI(persistence-model) > 0,16.0,-12.0
Z,QRC_K0,4,300,0.9381714573950086,0.07504841503878765,0.07083856136959749,0.051454775857186344,0.08750396416009985,0.08684067304180584,0.08542411883214612,0.15581104728528095,4.0,mean NRMSE < 1 and paired-bootstrap lower CI(persistence-model) > 0,16.0,-12.0
Z,QRC_K0,4,1000,0.921977791857135,0.056597634100779295,0.054644895831724064,0.03791831407640043,0.07021501203516903,0.06548849885960795,0.06559378091184832,0.11762676366513469,8.0,mean NRMSE < 1 and paired-bootstrap lower CI(persistence-model) > 0,16.0,-8.0
Z,QRC_K0,4,3000,0.9092266861646315,0.0419286609450068,0.041893790139220566,0.02991723533193343,0.05433022993307547,0.0488602862691775,0.04999619685389235,0.09265724303278143,8.0,mean NRMSE < 1 and paired-bootstrap lower CI(persistence-model) > 0,16.0,-8.0
Z,QRC_K0,4,10000,0.8973633621039826,0.02791207585129095,0.030030466078571707,0.020103948747768673,0.039934605350283155,0.0327851817598189,0.03558346226098892,0.07297258730555799,16.0,mean NRMSE < 1 and paired-bootstrap lower CI(persistence-model) > 0,16.0,0.0
Z,QRC_K0,8,100,1.0078122832859773,0.03069488621240905,0.0365001564644914,0.02494683526179989,0.048202994788721455,0.03177876670208975,0.038172920792600755,0.09866073220032856,4.0,mean NRMSE < 1 and paired-bootstrap lower CI(persistence-model) > 0,16.0,-12.0
Z,QRC_K0,8,300,1.000155867566586,0.0249692207035981,0.028843740745099922,0.020325002697863827,0.03740433136541091,0.026002898167576602,0.03028210160719332,0.076631361332465,4.0,mean NRMSE < 1 and paired-bootstrap lower CI(persistence-model) > 0,16.0,-12.0
Z,QRC_K0,8,1000,0.9903844265761262,0.015716338894642398,0.019072299754640167,0.013580951445187676,0.025342316548267674,0.01636483590579455,0.019994463860015868,0.05330308406061851,8.0,mean NRMSE < 1 and paired-bootstrap lower CI(persistence-model) > 0,16.0,-8.0
Z,QRC_K0,8,3000,0.9848644239333195,0.01136971274515045,0.013552297111833601,0.009292789529048877,0.017521382030384853,0.0118384024966635,0.01423877735701598,0.03755288464756578,8.0,mean NRMSE < 1 and paired-bootstrap lower CI(persistence-model) > 0,16.0,-8.0
Z,QRC_K0,8,10000,0.9800697544547942,0.00678957441061165,0.00875762763330827,0.005832517684402317,0.011447348360004748,0.0070795936131455,0.009186681538567762,0.026479330989706493,16.0,mean NRMSE < 1 and paired-bootstrap lower CI(persistence-model) > 0,16.0,0.0
Z,QRC_K0,16,100,1.0221737076935657,0.0201609371178945,0.02713753929681241,0.017600072864909402,0.036672716988482706,0.02082508007340185,0.027361273723970476,0.06652984404813014,4.0,mean NRMSE < 1 and paired-bootstrap lower CI(persistence-model) > 0,16.0,-12.0
Z,QRC_K0,16,300,1.0131491540420736,0.01427979746361405,0.018112985645320153,0.01140753431399371,0.025659409638831454,0.01467214885655105,0.01828830929684535,0.0488305665283854,4.0,mean NRMSE < 1 and paired-bootstrap lower CI(persistence-model) > 0,16.0,-12.0
Z,QRC_K0,16,1000,1.005022530701681,0.008060830040315,0.009986362304927414,0.0060161855451048175,0.014613480537425503,0.0082567601828624,0.010097864514900653,0.03070661713448004,8.0,mean NRMSE < 1 and paired-bootstrap lower CI(persistence-model) > 0,16.0,-8.0
Z,QRC_K0,16,3000,1.0010066960981907,0.0049225722529804995,0.005970527701437122,0.002951527233277849,0.009020634487852357,0.0051111322820211,0.006069460457572416,0.02054788631339146,8.0,mean NRMSE < 1 and paired-bootstrap lower CI(persistence-model) > 0,16.0,-8.0
Z,QRC_K0,16,10000,0.9985865128759712,0.0031617978873378,0.0035503444792178143,0.0013443527450668162,0.005868431402152582,0.0031985093175677,0.0036269709680657666,0.015506590890212012,16.0,mean NRMSE < 1 and paired-bootstrap lower CI(persistence-model) > 0,16.0,0.0
Z,QRC_K0,32,100,1.0838977533006133,0.01734971933724275,0.02319457579419148,0.012521597342092346,0.03551008934856153,0.01630300526570195,0.021395333595688435,0.05272534905021576,4.0,mean NRMSE < 1 and paired-bootstrap lower CI(persistence-model) > 0,16.0,-12.0
Z,QRC_K0,32,300,1.0765847303194684,0.011605359732627999,0.015881552813046595,0.007985271038002903,0.024575647221507683,0.0108929488138398,0.014668960626253214,0.034187069606425334,4.0,mean NRMSE < 1 and paired-bootstrap lower CI(persistence-model) > 0,16.0,-12.0
Z,QRC_K0,32,1000,1.0706394247446316,0.00723308538519365,0.009936247238209689,0.005479515662664782,0.014663511363264697,0.006726337062301,0.00923187007027458,0.022786066295276283,8.0,mean NRMSE < 1 and paired-bootstrap lower CI(persistence-model) > 0,16.0,-8.0
Z,QRC_K0,32,3000,1.0661567033539416,0.00335677423265505,0.005453525847519653,0.002899767057463682,0.00827154600704125,0.0032264452689678,0.005047527890285688,0.014391023294270654,8.0,mean NRMSE < 1 and paired-bootstrap lower CI(persistence-model) > 0,16.0,-8.0
Z,QRC_K0,32,10000,1.0639613025776062,0.0014152076287309002,0.0032581250711842405,0.00151827885328919,0.005317936153224328,0.00132382381857915,0.002992962596426487,0.009668560093051021,16.0,mean NRMSE < 1 and paired-bootstrap lower CI(persistence-model) > 0,16.0,0.0
Z,QRC_K0,64,100,1.1237192776800697,0.00684262573634385,0.014537444641023432,0.0031893353256269253,0.027925137340387225,0.0062010210540834505,0.012284875417092073,0.04029665000752738,4.0,mean NRMSE < 1 and paired-bootstrap lower CI(persistence-model) > 0,16.0,-12.0
Z,QRC_K0,64,300,1.118291628378369,0.00343864392040045,0.009109795339322766,0.0008808420628759359,0.019181811409841314,0.00318185317548175,0.0076800751491421645,0.026813005907697706,4.0,mean NRMSE < 1 and paired-bootstrap lower CI(persistence-model) > 0,16.0,-12.0
Z,QRC_K0,64,1000,1.1146732803560666,0.002720668063993,0.005491447317020461,0.002428960279882726,0.009275649882320347,0.0023903218246996,0.004810349189678219,0.015981770653532654,8.0,mean NRMSE < 1 and paired-bootstrap lower CI(persistence-model) > 0,16.0,-8.0
Z,QRC_K0,64,3000,1.111305453392557,0.00133937827033065,0.002123620353510751,0.0009796561678305277,0.0034023309468030373,0.0011867629223569,0.0018805537625509383,0.007306848922528601,8.0,mean NRMSE < 1 and paired-bootstrap lower CI(persistence-model) > 0,16.0,-8.0
Z,QRC_K0,64,10000,1.110041362350987,0.00040862953248225,0.0008595293119408999,0.0002575385968858842,0.0016352130252123196,0.00037593484909670004,0.000734270608605525,0.003990594433275781,16.0,mean NRMSE < 1 and paired-bootstrap lower CI(persistence-model) > 0,16.0,0.0
Z,QRC_K0,128,100,1.133024003233996,0.009216045021314751,0.019749805554801346,0.006139703607867464,0.03645821501579119,0.008230996816856,0.016456652504298386,0.050502947238572286,4.0,mean NRMSE < 1 and paired-bootstrap lower CI(persistence-model) > 0,16.0,-12.0
Z,QRC_K0,128,300,1.1265899902676852,0.006520020227967,0.013315792588490616,0.004404298993327855,0.024369525535673852,0.0059000385323867005,0.011080951215667836,0.029554857364144572,4.0,mean NRMSE < 1 and paired-bootstrap lower CI(persistence-model) > 0,16.0,-12.0
Z,QRC_K0,128,1000,1.1214080551937096,0.0036330045890593,0.008133857514514975,0.002859897044446862,0.014812372264916442,0.00333939181322845,0.006802680822751725,0.019370360846063715,8.0,mean NRMSE < 1 and paired-bootstrap lower CI(persistence-model) > 0,16.0,-8.0
Z,QRC_K0,128,3000,1.1161437653994803,0.00129819047972505,0.002869567720285715,0.0012928647124689258,0.004549220003450174,0.0011528763675468,0.0024678730366366032,0.009988826161775991,8.0,mean NRMSE < 1 and paired-bootstrap lower CI(persistence-model) > 0,16.0,-8.0
Z,QRC_K0,128,10000,1.1142971823515722,0.00050539044656415,0.0010229846723776436,0.0004729728548337015,0.0016693612282627055,0.00046100918823195,0.0008670244280436347,0.00407938553213956,16.0,mean NRMSE < 1 and paired-bootstrap lower CI(persistence-model) > 0,16.0,0.0
Z,single_kernel,1,100,0.6024277944326112,0.3312135200193518,0.3326525037819276,0.2981198902154323,0.36637454287222315,1.4291865186719859,1.3485160750945144,1.7886314351864383,8.0,mean NRMSE < 1 and paired-bootstrap lower CI(persistence-model) > 0,16.0,-8.0
Z,single_kernel,1,300,0.49769258256507204,0.22837401806959368,0.22791729191438842,0.20116514531794205,0.2559822302679641,0.9926743237421026,0.9270512115939744,1.2534228773985923,8.0,mean NRMSE < 1 and paired-bootstrap lower CI(persistence-model) > 0,16.0,-8.0
Z,single_kernel,1,1000,0.41437774976994246,0.1428749042167824,0.14460245911925884,0.12591739170740818,0.16449906635936828,0.6218747182589398,0.5892833849131084,0.8174114651196946,16.0,mean NRMSE < 1 and paired-bootstrap lower CI(persistence-model) > 0,16.0,0.0
Z,single_kernel,1,3000,0.3637508097756498,0.0919644982528607,0.09397551912496621,0.08070835743185684,0.10753672886272117,0.3938681207277738,0.38349347331497424,0.5746823256196056,16.0,mean NRMSE < 1 and paired-bootstrap lower CI(persistence-model) > 0,16.0,0.0
Z,single_kernel,1,10000,0.3262835724410102,0.05612862587986285,0.056508281790326575,0.04872482076084732,0.06451709231468872,0.2384184724803417,0.2304503399265162,0.35546167932740863,16.0,mean NRMSE < 1 and paired-bootstrap lower CI(persistence-model) > 0,16.0,0.0
Z,single_kernel,2,100,0.760222343703952,0.25460959402499767,0.2481581153362208,0.21771344780306198,0.27531464672182293,0.5279167583677222,0.513032694074921,0.7245983496788807,8.0,mean NRMSE < 1 and paired-bootstrap lower CI(persistence-model) > 0,16.0,-8.0
Z,single_kernel,2,300,0.6986108570065791,0.1934519075637867,0.18654662863884788,0.16121089108332773,0.2113871981163722,0.40104648742931037,0.3861283746932844,0.5492153117924309,8.0,mean NRMSE < 1 and paired-bootstrap lower CI(persistence-model) > 0,16.0,-8.0
Z,single_kernel,2,1000,0.6463330524601947,0.13604105045645337,0.1342688240924635,0.11209898878189127,0.15325990007973633,0.2907354624320192,0.27773539116689777,0.39678377029349354,16.0,mean NRMSE < 1 and paired-bootstrap lower CI(persistence-model) > 0,16.0,0.0
Z,single_kernel,2,3000,0.6083869099952182,0.09553040156801701,0.09632268162748694,0.07908430820255204,0.11244540850123029,0.20483947647726558,0.199438887017506,0.30661228269319296,16.0,mean NRMSE < 1 and paired-bootstrap lower CI(persistence-model) > 0,16.0,0.0
Z,single_kernel,2,10000,0.574037569554219,0.060675592626325145,0.06197334118648769,0.049913628191019674,0.07448102418452243,0.13001094996384988,0.12864618848881895,0.20968255742986305,16.0,mean NRMSE < 1 and paired-bootstrap lower CI(persistence-model) > 0,16.0,0.0
Z,single_kernel,4,100,0.9451469738659449,0.08484040432464385,0.08002465012723732,0.05684284997582814,0.09944848133014607,0.0973968238923893,0.09748998167276575,0.1826215836768427,8.0,mean NRMSE < 1 and paired-bootstrap lower CI(persistence-model) > 0,16.0,-8.0
Z,single_kernel,4,300,0.9296062755533308,0.07000473885019255,0.064483951814623,0.04536539250014038,0.08163734167760442,0.0806214218773071,0.07857965825207788,0.14951345527545587,8.0,mean NRMSE < 1 and paired-bootstrap lower CI(persistence-model) > 0,16.0,-8.0
Z,single_kernel,4,1000,0.9172206260695485,0.05637747366024805,0.05209830233084076,0.03521179474576819,0.06686435690308365,0.0645058424638636,0.06315594293166958,0.11648997616347669,16.0,mean NRMSE < 1 and paired-bootstrap lower CI(persistence-model) > 0,16.0,0.0
Z,single_kernel,4,3000,0.9059809301245798,0.042391478285004155,0.0408586063858723,0.027716070495623357,0.05387356662517995,0.04916827555157915,0.04933442055810519,0.09317690517558028,16.0,mean NRMSE < 1 and paired-bootstrap lower CI(persistence-model) > 0,16.0,0.0
Z,single_kernel,4,10000,0.8943210060445318,0.03091867906873445,0.029198682305824272,0.01757480835876697,0.039051041559472255,0.036358070229329895,0.03526163939793018,0.07148528913816281,16.0,mean NRMSE < 1 and paired-bootstrap lower CI(persistence-model) > 0,16.0,0.0
Z,single_kernel,8,100,0.9956851480684473,0.0265633439599565,0.03199072541006418,0.021174353519341067,0.04435150634163302,0.02698658600995245,0.03420734548223845,0.08197233155577596,8.0,mean NRMSE < 1 and paired-bootstrap lower CI(persistence-model) > 0,16.0,-8.0
Z,single_kernel,8,300,0.9876096989329506,0.0205541204674997,0.023915276274567444,0.014107490810865075,0.034772088454278954,0.02106932306017055,0.025800097904221993,0.06629545773779591,8.0,mean NRMSE < 1 and paired-bootstrap lower CI(persistence-model) > 0,16.0,-8.0
Z,single_kernel,8,1000,0.9804539842530475,0.01661718177827615,0.016759561594664452,0.009979077425913627,0.024367654874477666,0.0168603068215904,0.018062201235245892,0.04671698749918874,16.0,mean NRMSE < 1 and paired-bootstrap lower CI(persistence-model) > 0,16.0,0.0
Z,single_kernel,8,3000,0.9749934638585614,0.01235317847355925,0.011299041200178212,0.005939710163506647,0.01716691758553255,0.0125125398756062,0.012270846950653542,0.03361342117660798,16.0,mean NRMSE < 1 and paired-bootstrap lower CI(persistence-model) > 0,16.0,0.0
Z,single_kernel,8,10000,0.9708096477661687,0.0079331464038939,0.007115225107785805,0.0033506095597276666,0.011115031468494395,0.008210957285768199,0.0077651330790783095,0.02507351218853505,16.0,mean NRMSE < 1 and paired-bootstrap lower CI(persistence-model) > 0,16.0,0.0
Z,single_kernel,16,100,1.009851666169488,0.01679668055807585,0.021464075116101246,0.010767372322649304,0.033026167990820414,0.0173234165890347,0.02213154084307648,0.06564292181449304,8.0,mean NRMSE < 1 and paired-bootstrap lower CI(persistence-model) > 0,16.0,-8.0
Z,single_kernel,16,300,1.0023590607084405,0.010097222050694049,0.0139714696550536,0.004796293642857582,0.023538628176166265,0.0102253822435538,0.014478266529990078,0.048848120366166835,8.0,mean NRMSE < 1 and paired-bootstrap lower CI(persistence-model) > 0,16.0,-8.0
Z,single_kernel,16,1000,0.9965087178790422,0.0062814505175447,0.008121126825655366,0.001271201088479673,0.015311788275046832,0.0062866531978949,0.008440651131361148,0.03417718993654102,16.0,mean NRMSE < 1 and paired-bootstrap lower CI(persistence-model) > 0,16.0,0.0
Z,single_kernel,16,3000,0.9931406265208321,0.00362500968596595,0.004753035467445435,-0.0014491242940296175,0.010517101039424765,0.0036424645511454,0.005001505063543629,0.022586642677058143,16.0,mean NRMSE < 1 and paired-bootstrap lower CI(persistence-model) > 0,16.0,0.0
Z,single_kernel,16,10000,0.9910180711233075,0.0022823956312444,0.0026304800699206835,-0.0028465348568005046,0.007280560453139203,0.00244242729393655,0.0028287711001431836,0.017946440078749914,16.0,mean NRMSE < 1 and paired-bootstrap lower CI(persistence-model) > 0,16.0,0.0
Z,single_kernel,32,100,1.0670620378147295,0.01090827351339,0.01720496194623896,0.007985194469465629,0.026504753950026678,0.010584106628915301,0.016526304051019906,0.05085542277251094,8.0,mean NRMSE < 1 and paired-bootstrap lower CI(persistence-model) > 0,16.0,-8.0
Z,single_kernel,32,300,1.0602710948451655,0.00699572221302925,0.010414018976674908,0.0037303767035250356,0.017106134873212456,0.0067954365821424004,0.010087603440919116,0.040914377403123064,8.0,mean NRMSE < 1 and paired-bootstrap lower CI(persistence-model) > 0,16.0,-8.0
Z,single_kernel,32,1000,1.0560310270014812,0.00502614097713405,0.006173951132990461,0.0010487184018321155,0.011392747461674181,0.00494086523230405,0.006044235780932552,0.025758751805804496,16.0,mean NRMSE < 1 and paired-bootstrap lower CI(persistence-model) > 0,16.0,0.0
Z,single_kernel,32,3000,1.0525188260625646,0.00285729710614315,0.0026617501940739085,-0.0009666708835794841,0.006225271191218388,0.00271241775554195,0.002658009121100421,0.017239693614982003,16.0,mean NRMSE < 1 and paired-bootstrap lower CI(persistence-model) > 0,16.0,0.0
Z,single_kernel,32,10000,1.0507072047928028,0.001152607812364,0.0008501289243120438,-0.0022803158091503346,0.004099032300554109,0.0010714288083718,0.0009176875372406839,0.013375481332939572,16.0,mean NRMSE < 1 and paired-bootstrap lower CI(persistence-model) > 0,16.0,0.0
Z,single_kernel,64,100,1.103272941933221,0.01157132526281405,0.01455508841742518,0.0030834304268893076,0.02686906557931204,0.01079529390763135,0.013631126457217703,0.04538318271638379,8.0,mean NRMSE < 1 and paired-bootstrap lower CI(persistence-model) > 0,16.0,-8.0
Z,single_kernel,64,300,1.0964882543763945,0.0069204146071,0.007770400860598893,-0.0004050494032551551,0.015805606539646036,0.00650780164105875,0.007520670624976878,0.03371402304357964,8.0,mean NRMSE < 1 and paired-bootstrap lower CI(persistence-model) > 0,16.0,-8.0
Z,single_kernel,64,1000,1.092345902631129,0.0050484064250424995,0.0036280491153332724,-0.0018171312284155625,0.008836542420557562,0.00482556613795375,0.003702356803469459,0.022741314380304314,16.0,mean NRMSE < 1 and paired-bootstrap lower CI(persistence-model) > 0,16.0,0.0
Z,single_kernel,64,3000,1.0901681020632137,0.0030006684994723,0.0014502485474182322,-0.0026692714860234172,0.005025387823792136,0.0026831533346897,0.0016061865104094026,0.01514045729160423,16.0,mean NRMSE < 1 and paired-bootstrap lower CI(persistence-model) > 0,16.0,0.0
Z,single_kernel,64,10000,1.0886306735292182,0.0011968710860792002,-8.717998657748156e-05,-0.0036517833268161796,0.003238454177564973,0.0011290788843799499,0.00015559674109158855,0.012365993998462025,16.0,mean NRMSE < 1 and paired-bootstrap lower CI(persistence-model) > 0,16.0,0.0
Z,single_kernel,128,100,1.1092845641680966,0.0135089329374138,0.022459084776509278,0.011887974923092364,0.03362390245184663,0.012638574629447001,0.020612617165982002,0.051498749382816345,8.0,mean NRMSE < 1 and paired-bootstrap lower CI(persistence-model) > 0,16.0,-8.0
Z,single_kernel,128,300,1.1011482401530825,0.008741931441763849,0.014322760761495322,0.007732390505417186,0.020896380506333623,0.008175797336392,0.013295863091276158,0.0421360648849338,8.0,mean NRMSE < 1 and paired-bootstrap lower CI(persistence-model) > 0,16.0,-8.0
Z,single_kernel,128,1000,1.0948128682467737,0.0045288134355906,0.007987388855186617,0.0036333138079136093,0.012519648312498044,0.0042338106502590005,0.00761246581972405,0.03301812241892713,16.0,mean NRMSE < 1 and paired-bootstrap lower CI(persistence-model) > 0,16.0,0.0
Z,single_kernel,128,3000,1.0899504179796249,0.0020441388803136,0.0031249385880377715,-0.0014000686051979631,0.007408039124261905,0.00189417471196945,0.003139324151204405,0.021628883793055102,16.0,mean NRMSE < 1 and paired-bootstrap lower CI(persistence-model) > 0,16.0,0.0
Z,single_kernel,128,10000,1.0877236208378107,0.0007144994017516,0.0008981414462236714,-0.003666744713861277,0.005181773315036744,0.00064040518991485,0.0010699311178941884,0.016096836994345262,16.0,mean NRMSE < 1 and paired-bootstrap lower CI(persistence-model) > 0,16.0,0.0
